a	Pum
akaraRi	Stri
akUpAra	Pum
akfzRakarman	Pum
akfzRakarman	Napumsaka
akkA	Stri
akza	Pum
akza	Napumsaka
akzata	Pum
akzadarSaka	Pum
akzadevin	Pum
akzaDUrta	Pum
akzapAda	Pum
akzara	Napumsaka
akzaracaRa	Pum
akzaracuYcu	Pum
akzavatI	Stri
akzAgrakIlaka	Pum
akzAnti	Stri
akzi	Napumsaka
akzIva	Napumsaka
akzowa	Pum
akzOhiRI	Stri
aKAta	Pum
aKAta	Napumsaka
aga	Pum
agada	Pum
agadaNkAra	Pum
agama	Pum
agastya	Pum
aguru	Napumsaka
agni	Pum
agnikaRa	Pum
agnicit	Pum
agnijvAlA	Stri
agniDmA	Pum
agniBU	Pum
agnimaT	Pum
agnimanTa	Pum
agnimuKI	Stri
agniSiKa	Napumsaka
agniSiKA	Stri
agnyutpAta	Pum
agra	Napumsaka
agraja	Pum
agrajanman	Pum
agraRI	Pum
agrataHsara	Pum
agramAMsa	Napumsaka
agriya	Pum
agrediDizU	Pum
agresara	Pum
aGa	Napumsaka
aGnyA	Stri
aNka	Pum
aNkura	Pum
aNkuSa	Pum
aNkuSa	Napumsaka
aNkowa	Pum
aNga	Napumsaka
aNgaRa	Napumsaka
aNgada	Pum
aNgada	Napumsaka
aNganA	Stri
aNgavikzepa	Pum
aNgasaMskAra	Pum
aNgahAra	Pum
aNgAra	Pum
aNgAra	Napumsaka
aNgAraka	Pum
aNgAraDAnikA	Stri
aNgAravallarI	Stri
aNgAravallI	Stri
aNgAraSakawI	Stri
aNgiras	Pum
aNgIkAra	Pum
aNgulimudrA	Stri
aNgulI	Stri
aNgulIyaka	Pum
aNgulIyaka	Napumsaka
aNguzWa	Pum
aNGri	Pum
aNGrinAmaka	Pum
aNGrivallikA	Stri
acaRqI	Stri
acala	Pum
acalA	Stri
acCa	Pum
acyuta	Pum
acyutAgraja	Pum
aja	Pum
ajaganDikA	Stri
ajagara	Pum
ajagava	Napumsaka
ajanya	Napumsaka
ajamodA	Stri
ajara	Napumsaka
ajaSfNgI	Stri
ajasra	Napumsaka
ajA	Stri
ajAjI	Stri
ajAjIva	Pum
ajita	Pum
ajina	Napumsaka
ajinapatrA	Stri
ajinayoni	Pum
ajira	Napumsaka
ajihmaga	Pum
ajjukA	Stri
ajJawA	Stri
ajYAna	Napumsaka
ajYAnin	Pum
aYjana	Pum
aYjanakeSI	Stri
aYjanAvatI	Stri
aYjali	Pum
awanI	Stri
awarUza	Pum
awavI	Stri
awAwyA	Stri
awwa	Pum
aRavya	Napumsaka
aRi	Pum
aRi	Stri
aRiman	Pum
aRIyas	Pum
aRu	Pum
aRqa	Napumsaka
aRqakoSa	Pum
aRqaja	Pum
atawa	Pum
atasI	Stri
atikrama	Pum
aticamU	Pum
aticarA	Stri
aticCatra	Pum
aticCatrA	Stri
atijava	Pum
atityad	Pum
atiTi	Pum
atiTInAM_saparyA	Stri
atidaDi	Napumsaka
atidvi	Pum
atinirhArin	Pum
atinu	Pum
atinu	Napumsaka
atipaTin	Pum
atipAta	Pum
atimAtra	Napumsaka
atimukta	Pum
atimuktaka	Pum
atiyuzmad	Pum
atiyuzmad	Pum
atiyuzmad	Pum
atilakzmI	Pum
ativaktf	Pum
ativaktf	Napumsaka
ativAda	Pum
ativizA	Stri
ativela	Napumsaka
atiSaktitA	Stri
atiSaktiBAj	Pum
atiSaya	Pum
atiSAyin	Pum
atisaKi	Pum
atisaKi	Pum
atisarjana	Napumsaka
atisarva	Pum
atisArakin	Pum
atisArakin	Napumsaka
atistri	Pum
atistri	Stri
atistri	Napumsaka
attikA	Stri
atyantIna	Pum
atyaya	Pum
atyarTa	Napumsaka
atyarTamaDura	Pum
atyasmad	Pum
atyasmad	Pum
atyasmad	Pum
atyAhita	Napumsaka
atri	Pum
adadryac	Pum
adarSana	Napumsaka
adas	Pum
adas	Stri
adas	Napumsaka
aditinandana	Pum
adfS	Pum
adfS	Napumsaka
adfzwa	Napumsaka
adfzwi	Stri
adButa	Pum
adri	Pum
advayavAdin	Pum
aDamarRa	Pum
aDara	Pum
aDara	Napumsaka
aDara	Pum
aDarA	Stri
aDikarDi	Stri
aDikarDi	Pum
aDikarDi	Napumsaka
aDikANga	Pum
aDikAra	Pum
aDikArin	Pum
aDikfta	Pum
aDipa	Pum
aDiBU	Pum
aDirohiRI	Stri
aDivAsana	Napumsaka
aDivinnA	Stri
aDiSrayaRI	Stri
aDizWAna	Napumsaka
aDItin	Pum
aDISvara	Pum
aDokzaja	Pum
aDogantf	Pum
aDoBuvana	Napumsaka
aDomSuka	Napumsaka
aDyakza	Pum
aDyavasAya	Pum
aDyApaka	Pum
aDyAhAra	Pum
aDyUQA	Stri
aDyezaRA	Stri
aDvaga	Pum
aDvanIna	Pum
aDvan	Pum
aDvanya	Pum
aDvara	Pum
aDvaryu	Pum
anakzara	Napumsaka
anaNga	Pum
anaquh	Pum
ananta	Napumsaka
ananta	Pum
anantA	Stri
ananyaja	Pum
ananyavftti	Stri
ananyavftti	Pum
ananyavftti	Napumsaka
anaya	Pum
anarTaka	Napumsaka
anala	Pum
anavaDAnatA	Stri
anavarata	Napumsaka
anas	Napumsaka
anAgatArtavA	Stri
anAdara	Pum
anAdi	Napumsaka
anAmaya	Napumsaka
anAmikA	Stri
anArata	Napumsaka
anAryatikta	Pum
animiza	Pum
anirudDa	Pum
anila	Pum
aniSa	Napumsaka
anIka	Pum
anIka	Napumsaka
anIkasTa	Pum
anIkinI	Stri
anukampA	Stri
anukarza	Pum
anukalpa	Pum
anukAmIna	Pum
anukAra	Pum
anukrama	Pum
anukroSa	Pum
anugraha	Pum
anucara	Pum
anuja	Pum
anujIvin	Pum
anutarza	Pum
anutarzaRa	Napumsaka
anutApa	Pum
anupadInA	Stri
anupamA	Stri
anuplava	Pum
anubanDa	Pum
anuboDa	Pum
anuBava	Pum
anuBAva	Pum
anumati	Stri
anuyAyin	Pum
anuyoga	Pum
anuroDa	Pum
anulApa	Pum
anuvartana	Napumsaka
anuSaya	Pum
anuzRa	Pum
anuhAra	Pum
anUka	Napumsaka
anUcAna	Pum
anUru	Pum
anfju	Pum
anfju	Napumsaka
anfta	Napumsaka
aneka	Pum
aneka	Napumsaka
anekapa	Pum
anehas	Pum
anokaha	Pum
anta	Pum
anta	Napumsaka
antaka	Pum
antaHpura	Napumsaka
antara	Pum
antara	Pum
antara	Napumsaka
antara	Napumsaka
antarA	Stri
antarA	Stri
antarAya	Pum
antarAla	Napumsaka
antarikza	Napumsaka
antarIpa	Pum
antarIpa	Napumsaka
antarIya	Napumsaka
antardvAra	Napumsaka
antarDA	Stri
antarDi	Pum
antarmanas	Pum
antarmanas	Napumsaka
antarvatnI	Stri
antarvaMSika	Pum
antarvARi	Stri
antarvARi	Pum
antarvARi	Napumsaka
antAvasAyin	Pum
antikA	Stri
antikASraya	Pum
antevAsin	Pum
antra	Napumsaka
anduka	Pum
anDa	Napumsaka
anDa	Pum
anDakaripu	Pum
anDakAra	Pum
anDakAra	Napumsaka
anDatamasa	Napumsaka
anDu	Pum
anna	Napumsaka
anya	Pum
anya	Napumsaka
anyatama	Pum
anyatama	Napumsaka
anyatamA	Stri
anyatara	Pum
anyatara	Napumsaka
anyatarA	Stri
anyA	Stri
anyAdfS	Pum
anvac	Pum
anvac	Napumsaka
anvaya	Pum
anvavAya	Pum
anvAhArya	Napumsaka
anvezaRA	Stri
apakAragir	Stri
apakrama	Pum
apaGana	Pum
apacaya	Pum
apaciti	Stri
apawu	Pum
apawu	Napumsaka
apatya	Napumsaka
apatrapA	Stri
apatrapizRu	Pum
apatrapizRu	Napumsaka
apaTa	Napumsaka
apaTin	Pum
apadeSa	Pum
apaBraMSa	Pum
apayAna	Napumsaka
apara	Pum
apara	Napumsaka
aparA	Stri
aparAjitA	Stri
aparAdDapfzatka	Pum
aparADa	Pum
aparAhRa	Pum
aparRA	Stri
apalApa	Pum
apavarga	Pum
apavarjana	Napumsaka
apavAda	Pum
apavAraRa	Napumsaka
apaSabda	Pum
apazWu	Pum
apazWu	Napumsaka
apasada	Pum
apasarpa	Pum
apaskara	Pum
apahAra	Pum
apANga	Pum
apANgadarSana	Napumsaka
apAna	Napumsaka
apAna	Pum
apAmArga	Pum
apAmpati	Pum
apAsana	Napumsaka
apiDAna	Napumsaka
apUpa	Pum
apogaRqa	Pum
ap	Stri
appati	Pum
appitta	Napumsaka
apraDAna	Napumsaka
apsaras	Stri
abadDa	Napumsaka
abalA	Stri
abja	Pum
abjayoni	Pum
abjinIpati	Pum
abda	Pum
abDi	Pum
abDikaPa	Pum
abrahmaRya	Napumsaka
aBaya	Napumsaka
aBayA	Stri
aBAzaRa	Napumsaka
aBikrama	Pum
aBiKyA	Stri
aBigraha	Pum
aBigrahaRa	Napumsaka
aBiGAtin	Pum
aBicara	Pum
aBijana	Pum
aBiDAna	Napumsaka
aBiDyA	Stri
aBinaya	Pum
aBinavodBid	Pum
aBinirmukta	Pum
aBiniryARa	Napumsaka
aBiprAya	Pum
aBimAna	Pum
aBiyoga	Pum
aBilAva	Pum
aBilAza	Pum
aBivAdana	Napumsaka
aBivyApti	Stri
aBiSasti	Stri
aBiSApa	Pum
aBizaNga	Pum
aBizava	Pum
aBizuta	Napumsaka
aBizeRana	Napumsaka
aBisampAta	Pum
aBisArikA	Stri
aBihAra	Pum
aBIzaNga	Pum
aBIzu	Pum
aByaYjana	Napumsaka
aByantara	Napumsaka
aByamitrIRa	Pum
aByamitrIya	Pum
aByamitrya	Pum
aByavakarzaRa	Napumsaka
aByavaskandana	Napumsaka
aByAKyAna	Napumsaka
aByAgama	Pum
aByAgArika	Pum
aByAdAna	Napumsaka
aByAmarda	Pum
aByAsAdana	Napumsaka
aByutTAna	Napumsaka
aByudita	Pum
aByupagama	Pum
aByupapatti	Stri
aByUza	Pum
aBra	Napumsaka
aBraka	Napumsaka
aBrapuzpa	Pum
aBramAtaNga	Pum
aBramu	Stri
aBramuvallaBa	Pum
aBri	Stri
aBreza	Pum
amatra	Napumsaka
amara	Pum
amarAvatI	Stri
amartya	Pum
amarza	Pum
amala	Napumsaka
amalA	Stri
amAtya	Pum
amAvasyA	Stri
amAvAsyA	Stri
amAMsa	Pum
amitra	Napumsaka
amI	Pum
amUdfS	Pum
amfRAla	Napumsaka
amfta	Napumsaka
amftA	Stri
amftAnDas	Pum
amoGA	Stri
ambara	Napumsaka
ambarIza	Napumsaka
ambazWa	Pum
ambazWakaraRa	Pum
ambazWA	Stri
ambA	Stri
ambAqA	Stri
ambAlA	Stri
ambikA	Stri
ambikA	Stri
ambu	Napumsaka
ambukaRa	Pum
ambuja	Pum
ambuBft	Pum
ambuvetasa	Pum
ambusaraRa	Napumsaka
amBas	Napumsaka
amBoruha	Napumsaka
amla	Pum
amlaloRikA	Stri
amlavetasa	Pum
amlAna	Pum
amlikA	Stri
aya	Pum
ayana	Napumsaka
ayaHpratimA	Stri
ayas	Napumsaka
ayogra	Pum
ayogra	Napumsaka
ara	Napumsaka
araRi	Pum
araRi	Stri
araRya	Napumsaka
araRyAnI	Stri
aratni	Pum
aratni	Stri
aralu	Pum
aravinda	Napumsaka
arAti	Pum
ari	Pum
aritra	Napumsaka
arimeda	Pum
arizwa	Napumsaka
arizwa	Pum
arizwaduzwaDI	Pum
aruRa	Pum
aruRA	Stri
aruz	Napumsaka
aruzkara	Pum
arka	Pum
arkaparRa	Pum
arkabanDu	Pum
arkAhva	Pum
argala	Napumsaka
arGa	Pum
arcA	Stri
arcitADvan	Pum
arciz	Napumsaka
arciz	Stri
arjaka	Pum
arjuna	Napumsaka
arjuna	Pum
arjunI	Stri
arRava	Pum
arRas	Napumsaka
artana	Napumsaka
arti	Stri
arTa	Pum
arTanA	Stri
arTaprayoga	Pum
arTin	Pum
arTin	Napumsaka
arTya	Napumsaka
ardanA	Stri
arDa	Pum
arDa	Napumsaka
arDacandrA	Stri
arDanAva	Napumsaka
arDarAtra	Pum
arDahAra	Pum
arDoruka	Napumsaka
arBaka	Pum
arya	Pum
aryaman	Pum
aryA	Stri
aryARI	Stri
aryI	Stri
arvan	Pum
arvAc	Napumsaka
arvAc	Pum
arSas	Pum
arSas	Napumsaka
arSoGna	Pum
arhaRA	Stri
alaka	Pum
alakA	Stri
alakta	Pum
alakzmI	Stri
alagarda	Pum
alaNkarizRu	Pum
alaNkarizRu	Napumsaka
alaNkartf	Pum
alaNkartf	Napumsaka
alaNkarman	Pum
alaNkarman	Napumsaka
alaNkAra	Pum
alaNkriyA	Stri
alarka	Pum
alasa	Pum
alAta	Napumsaka
alAbU	Stri
alAvu	Stri
ali	Pum
alika	Napumsaka
aliYjara	Pum
alin	Pum
alinda	Pum
alIka	Napumsaka
alpa	Pum
alpa	Napumsaka
alpatanu	Pum
alpamAriza	Pum
alpasaras	Napumsaka
alpIyas	Pum
allA	Stri
avakara	Pum
avakIrRin	Pum
avakeSin	Pum
avakeSin	Napumsaka
avakraya	Pum
avagIta	Napumsaka
avagraha	Pum
avagrAha	Pum
avajYA	Stri
avawa	Pum
avawIwa	Pum
avawu	Pum
avatamasa	Napumsaka
avataMsa	Pum
avatokA	Stri
avadaMSa	Pum
avadAta	Pum
avadAna	Napumsaka
avadAraRa	Napumsaka
avadAha	Napumsaka
avaDAna	Napumsaka
avaDi	Pum
avana	Napumsaka
avanAwa	Pum
avanAya	Pum
avani	Stri
avantisoma	Napumsaka
avaBfTa	Pum
avaBrawa	Pum
avamarda	Pum
avamAnanA	Stri
avayava	Pum
avara	Pum
avara	Napumsaka
avaraja	Pum
avarati	Stri
avaravarRa	Pum
avarA	Stri
avaroDana	Napumsaka
avaroha	Pum
avarRa	Pum
avalakza	Pum
avalagna	Pum
avalagna	Napumsaka
avalepa	Pum
avalguja	Pum
avavAda	Pum
avaSyAya	Pum
avazwamBa	Pum
avasara	Pum
avasAna	Napumsaka
avaskara	Pum
avahAra	Pum
avahitTA	Stri
avahelana	Napumsaka
avAkpuzpI	Stri
avAcI	Stri
avAcya	Napumsaka
avAra	Napumsaka
avAsas	Pum
avAsas	Napumsaka
avi	Stri
avidyA	Stri
avirata	Napumsaka
avilambita	Napumsaka
avI	Stri
avIci	Pum
avIrA	Stri
avekzA	Stri
avyakta	Pum
avyaktarAga	Pum
avyaRqA	Stri
avyaTA	Stri
aMSa	Pum
aSanAyA	Stri
aSani	Pum
aSani	Stri
aSiSvI	Stri
aSIti	Stri
aMSu	Pum
aMSuka	Napumsaka
aMSumatI	Stri
aMSumatPalA	Stri
aMSumAlin	Pum
aSoka	Napumsaka
aSoka	Pum
aSokarohiRI	Stri
aSmagarBa	Pum
aSmaja	Napumsaka
aSman	Pum
aSmanta	Napumsaka
aSmapuzpa	Napumsaka
aSmarI	Stri
aSmasAra	Pum
aSmasAra	Napumsaka
aSrAnta	Napumsaka
aSri	Stri
aSru	Napumsaka
aSlIla	Napumsaka
aSva	Pum
aSvakarRaka	Pum
aSvatTa	Pum
aSvameDIya	Pum
aSvayuj	Stri
aSvA	Stri
aSvAroha	Pum
aSvinI	Stri
aSvinIsuta	Pum
azwan	Pum
azwamUrti	Pum
azwApada	Pum
azwApada	Napumsaka
azwAhna	Pum
azWIvat	Pum
azWIvat	Napumsaka
aMsa	Pum
aMsa	Napumsaka
asatI	Stri
asatIsuta	Pum
asana	Pum
asamIkzyakArin	Pum
asamIkzyakArin	Napumsaka
aMsala	Pum
asi	Pum
asiknI	Stri
asita	Pum
asiDAvaka	Pum
asiDenukA	Stri
asiputrI	Stri
asiheti	Pum
asu	Pum
asuDAraRa	Napumsaka
asura	Pum
asUyA	Stri
asUrkzaRa	Napumsaka
asfj	Napumsaka
asfrgDarA	Stri
asta	Pum
astra	Pum
astra	Napumsaka
astrin	Pum
asTi	Napumsaka
asPuwavAc	Pum
asPuwavAc	Napumsaka
asra	Napumsaka
asra	Pum
asrapa	Pum
asru	Napumsaka
asvapna	Pum
asvADyAya	Pum
ahaNkAra	Pum
ahaNkAravat	Pum
ahaNkAravat	Napumsaka
aMhati	Stri
ahan	Napumsaka
ahamahamikA	Stri
ahampUrvikA	Stri
ahammati	Stri
ahaMyu	Pum
ahaMyu	Napumsaka
aharpati	Pum
aharmuKa	Napumsaka
aMhas	Napumsaka
ahaskara	Pum
ahArya	Pum
ahi	Pum
ahita	Pum
ahituRqika	Pum
ahiBaya	Napumsaka
ahiBuja	Pum
ahirbuDnya	Pum
aheru	Stri
ahorAtra	Pum
ahorAtra	Napumsaka
Akara	Pum
Akarza	Pum
Akalpa	Pum
AkAra	Pum
AkAragupti	Stri
AkAraRA	Stri
AkASa	Pum
Akfti	Stri
Akranda	Pum
AkrIqa	Pum
AkroSa	Pum
AkroSana	Napumsaka
AkzAraRa	Napumsaka
AkzIva	Pum
Akzepa	Pum
AKaRqala	Pum
AKu	Pum
AKuBuj	Pum
AKewa	Pum
AKyA	Stri
AKyAyikA	Stri
Agantu	Pum
Agantu	Napumsaka
Agas	Napumsaka
Agastya	Pum
AgAmin	Pum
AgAra	Napumsaka
AgU	Stri
AgnAyI	Stri
AgrahAyaRika	Pum
AgrahAyaRI	Stri
ANgirasa	Pum
Acamana	Napumsaka
AcAma	Pum
AcArya	Pum
AcAryA	Stri
AcAryAnI	Stri
Acita	Pum
Acita	Napumsaka
AcCAdana	Napumsaka
AcCuritaka	Napumsaka
AcCodana	Napumsaka
Ajaka	Napumsaka
AjAneya	Pum
Aji	Stri
AjIva	Pum
AjU	Stri
AjYA	Stri
Ajya	Napumsaka
Awi	Stri
Aqambara	Pum
Aqi	Stri
AQaka	Pum
AQaka	Napumsaka
AQakI	Stri
AtaNka	Pum
AtaYcana	Napumsaka
AtatAyin	Pum
Atapa	Pum
Atapatra	Napumsaka
Atara	Pum
AtAyin	Pum
Atodya	Napumsaka
AtmaguptA	Stri
AtmaGoza	Pum
Atmaja	Pum
AtmajA	Stri
Atman	Pum
AtmaBU	Pum
AtmamBari	Stri
AtmamBari	Pum
AtmamBari	Napumsaka
Atmavat	Pum
Atmavat	Napumsaka
Atreya	Pum
AtreyI	Stri
ATarvaRa	Napumsaka
AdarSa	Pum
Adi	Pum
Adikavi	Pum
AdikAraRa	Napumsaka
Aditeya	Pum
Aditya	Pum
AdInava	Pum
AdyamAzaka	Pum
ADAra	Pum
ADi	Pum
ADoraRa	Pum
ADyAna	Napumsaka
Anaka	Pum
AnakadunduBi	Pum
AnadDa	Napumsaka
Anana	Napumsaka
Ananda	Pum
AnandaTu	Pum
Anandana	Napumsaka
Anarta	Pum
AnAya	Pum
AnAyya	Pum
AnAha	Pum
AnupUrvI	Stri
AnvIkzikI	Stri
Apakva	Napumsaka
ApagA	Stri
ApaRa	Pum
ApaRika	Pum
Apad	Stri
ApannasattvA	Stri
Apamityaka	Napumsaka
ApAna	Napumsaka
ApIqa	Pum
ApIna	Napumsaka
ApUpika	Napumsaka
Apta	Pum
Apnuvat	Pum
ApracCanna	Napumsaka
Aplava	Pum
AplAva	Pum
Aplutavratin	Pum
AbanDa	Pum
ABaraRa	Napumsaka
ABAzaRa	Napumsaka
ABAsvara	Pum
ABicAra	Pum
ABIra	Pum
ABIrapallI	Stri
ABIrI	Stri
ABIla	Napumsaka
ABoga	Pum
AmaganDi	Napumsaka
Amanasya	Napumsaka
Amaya	Pum
AmayAvin	Pum
AmayAvin	Napumsaka
AmalakI	Pum
AmikzA	Stri
Amiza	Napumsaka
Amiza	Pum
AmizASin	Pum
AmizASin	Napumsaka
Amoda	Pum
Amodin	Pum
AmnAya	Pum
Amra	Pum
AmrAtaka	Pum
Amreqita	Napumsaka
Ayatana	Napumsaka
Ayati	Stri
AyAma	Pum
AyuDa	Napumsaka
AyuDika	Pum
AyuDIya	Pum
Ayuz	Napumsaka
Ayuzmat	Pum
Ayuzmat	Napumsaka
AyoDana	Napumsaka
ArakUwa	Pum
ArakUwa	Napumsaka
AragvaDa	Pum
Arati	Stri
AranAlaka	Napumsaka
AramBa	Pum
Arava	Pum
ArA	Stri
ArADana	Napumsaka
ArAma	Pum
ArAva	Pum
Arevata	Pum
Arogya	Napumsaka
Aroha	Pum
ArohaRa	Napumsaka
Artagala	Pum
Artava	Napumsaka
Ardraka	Napumsaka
Arya	Pum
AryA	Stri
AryAvarta	Pum
ArzaBya	Pum
Arhaka	Pum
Ala	Napumsaka
AlamBa	Pum
Alaya	Pum
AlavAla	Napumsaka
Alasya	Pum
AlAna	Napumsaka
AlApa	Pum
Ali	Pum
Ali	Stri
AlI	Stri
AlIQa	Napumsaka
Alu	Stri
Aloka	Pum
Alokana	Napumsaka
Avapana	Napumsaka
Avara	Napumsaka
Avarta	Pum
Avali	Stri
AvApa	Pum
AvApaka	Pum
AvAla	Napumsaka
Avigna	Pum
AviDa	Pum
Avuka	Pum
Avutta	Pum
AvegI	Stri
AveSana	Napumsaka
ASaya	Pum
ASara	Pum
ASaMsitf	Pum
ASaMsitf	Napumsaka
ASaMsu	Pum
ASaMsu	Napumsaka
ASA	Stri
ASiz	Stri
ASIviza	Pum
ASu	Napumsaka
ASu	Pum
ASu	Napumsaka
ASuga	Pum
ASuSukzaRi	Pum
ASrama	Pum
ASrama	Napumsaka
ASraya	Pum
ASrayASa	Pum
ASrava	Pum
ASva	Napumsaka
ASvatTa	Napumsaka
ASvayuja	Pum
ASvina	Pum
ASvIya	Napumsaka
AzAQa	Pum
Asana	Napumsaka
AsanA	Stri
Asava	Pum
AsAra	Pum
AsurI	Stri
Askandana	Napumsaka
Askandita	Napumsaka
AstaraRa	Napumsaka
AsTA	Stri
AsTAna	Napumsaka
AsTAnI	Stri
Aspada	Napumsaka
AsPowa	Pum
AsPowanI	Stri
AsPowA	Stri
Asya	Napumsaka
AsyA	Stri
Asrava	Pum
Ahata	Napumsaka
Ahava	Pum
AhavanIya	Pum
AhAra	Pum
AhAva	Pum
AhopuruzikA	Stri
Ahvaya	Pum
AhvA	Stri
AhvAna	Napumsaka
i	Pum
ikzu	Pum
ikzuganDA	Stri
ikzura	Pum
ikzvAku	Stri
iNgita	Napumsaka
iNgudI	Stri
icCA	Stri
icCAvatI	Stri
ijyASIla	Pum
iwcara	Pum
iqA	Stri
itara	Pum
itara	Napumsaka
itarA	Stri
itihAsa	Pum
itvarI	Stri
idakam	Pum
idam	Pum
idam	Stri
idam	Napumsaka
iDma	Napumsaka
ina	Pum
indirA	Stri
indIvara	Napumsaka
indIvarI	Stri
indu	Pum
indra	Pum
indradru	Pum
indrayava	Napumsaka
indraluptaka	Napumsaka
indravAruRI	Stri
indrasurasa	Pum
indrARikA	Stri
indrARI	Stri
indrAyuDa	Napumsaka
indrAri	Pum
indrAvaraja	Pum
indriya	Napumsaka
indriyArTa	Pum
inDana	Napumsaka
iBa	Pum
iBya	Pum
iyat	Pum
iyat	Napumsaka
irammada	Pum
irA	Stri
ilA	Stri
ilvalA	Stri
iza	Pum
izu	Pum
izu	Stri
izuDi	Pum
izuDi	Stri
izwa	Napumsaka
izwakApaTa	Napumsaka
izwaganDa	Pum
izwi	Stri
izvAsa	Pum
IkzaRa	Napumsaka
IkzaRikA	Stri
Iti	Stri
IdfS	Pum
Irma	Napumsaka
IrvAru	Pum
IrvAru	Stri
IrzyA	Stri
IlI	Stri
ISa	Pum
ISA	Stri
ISAna	Pum
ISitf	Pum
ISitva	Napumsaka
ISvara	Pum
ISvarI	Stri
IzatpARqu	Pum
IzikA	Stri
IhA	Stri
IhAmfga	Pum
u	Pum
ukti	Stri
ukzan	Pum
uKA	Stri
ugra	Pum
ugraganDA	Stri
uccawA	Stri
uccAra	Pum
uccErGuzwa	Napumsaka
uccEHSravas	Pum
ucCraya	Pum
ucCrAya	Pum
ujjAsana	Napumsaka
ujjvala	Pum
uYCaSila	Napumsaka
uwaja	Pum
uwaja	Napumsaka
uqu	Stri
uqu	Napumsaka
uqupa	Napumsaka
uqqIna	Napumsaka
utkawa	Napumsaka
utkaRWA	Stri
utkara	Pum
utkarza	Pum
utkalikA	Stri
utkAra	Pum
utkroSa	Pum
uttapta	Napumsaka
uttamarRa	Pum
uttamA	Stri
uttamANga	Napumsaka
uttara	Pum
uttara	Napumsaka
uttara	Napumsaka
uttarapaScimA	Stri
uttarapUrvA	Stri
uttarA	Stri
uttarAsaNga	Pum
uttarIya	Napumsaka
uttaMsa	Pum
uttAnaSayA	Stri
utTAna	Napumsaka
utpatitf	Pum
utpatitf	Napumsaka
utpatizRu	Pum
utpatizRu	Napumsaka
utpatti	Stri
utpala	Napumsaka
utpalaSArivA	Stri
utpAta	Pum
utsa	Pum
utsarjana	Napumsaka
utsava	Pum
utsAdana	Napumsaka
utsAha	Pum
utsAhavarDana	Pum
utseDa	Pum
udaka	Napumsaka
udakyA	Stri
udac	Pum
udaja	Pum
udaDi	Pum
udanta	Pum
udanyA	Stri
udanvat	Pum
udapAna	Pum
udapAna	Napumsaka
udaya	Pum
udara	Napumsaka
udarka	Pum
udavasita	Napumsaka
udaSvit	Napumsaka
udAtta	Pum
udAna	Pum
udAsIna	Pum
udAhAra	Pum
udIcI	Stri
udIcya	Napumsaka
udIcya	Pum
udumbara	Napumsaka
udumbara	Pum
udumbaraparRI	Stri
udUKala	Napumsaka
udgamanIya	Napumsaka
udgAQa	Napumsaka
udgAtf	Pum
udgAra	Pum
udgrAha	Pum
udGana	Pum
udGAwana	Napumsaka
uddAna	Napumsaka
uddAla	Pum
uddrAva	Pum
udDa	Pum
udDarza	Pum
udDava	Pum
udDAta	Pum
udDAna	Napumsaka
udDAra	Pum
udBava	Pum
udBid	Pum
udBid	Napumsaka
udBrama	Pum
udyama	Pum
udyAna	Napumsaka
udra	Pum
udvartana	Napumsaka
udvAnta	Pum
udvAsana	Napumsaka
udvAha	Pum
udvega	Napumsaka
udvega	Pum
undura	Pum
unduru	Pum
unnaya	Pum
unnAya	Pum
unnI	Pum
unmatta	Pum
unmadizRu	Pum
unmadizRu	Napumsaka
unmanas	Pum
unmanas	Napumsaka
unmATa	Pum
unmAda	Pum
unmAdana	Napumsaka
unmAdavat	Pum
unmAdavat	Napumsaka
upakArikA	Stri
upakAryA	Stri
upakuYcikA	Stri
upakuMYcikA	Stri
upakulyA	Stri
upakrama	Pum
upakroSa	Pum
upagUhana	Napumsaka
upagraha	Pum
upagrAhya	Napumsaka
upaGna	Pum
upacAyya	Pum
upacitrA	Stri
upajApa	Pum
upajIvin	Pum
upajYA	Stri
upataptf	Pum
upatApa	Pum
upatyakA	Stri
upadA	Stri
upaDA	Stri
upaDAna	Napumsaka
upaDi	Pum
upanAha	Pum
upaniDi	Pum
upanizad	Stri
upanizkara	Napumsaka
upanyAsa	Pum
upapati	Pum
upaplava	Pum
upabarha	Pum
upaBft	Stri
upaBoga	Pum
upamA	Stri
upamAna	Napumsaka
upayama	Pum
upayAma	Pum
upayogin	Pum
uparakta	Pum
uparakzaRa	Napumsaka
uparAga	Pum
uparAma	Pum
upala	Pum
upalabDi	Stri
upalamBa	Pum
upalA	Stri
upavana	Napumsaka
upavartana	Napumsaka
upavAsa	Pum
upavizA	Stri
upavIta	Napumsaka
upaSalya	Napumsaka
upaSAya	Pum
upasaNKyAna	Napumsaka
upasara	Pum
upasarga	Pum
upasarjana	Napumsaka
upasaryA	Stri
upasUryaka	Napumsaka
upaskara	Pum
upasTa	Pum
upasparSa	Pum
upahAra	Pum
upahvara	Napumsaka
upAkaraRa	Napumsaka
upAkfta	Pum
upAtyaya	Pum
upAdAna	Napumsaka
upADi	Pum
upADyAya	Pum
upADyAyA	Stri
upADyAyAnI	Stri
upADyAyI	Stri
upAnah	Stri
upAyana	Napumsaka
upAsaNga	Pum
upAsana	Napumsaka
upAsanA	Stri
upAhita	Pum
upendra	Pum
upodakA	Stri
upodDAta	Pum
uBa	Pum
uBa	Napumsaka
uBaya	Pum
uBaya	Napumsaka
uBayI	Stri
uBA	Stri
umA	Stri
umApati	Pum
umya	Napumsaka
uraga	Pum
uraHCada	Pum
uraRa	Pum
uraRAKya	Pum
uraBra	Pum
urasila	Pum
uraHsUtrikA	Stri
uras	Napumsaka
urasya	Pum
urasvat	Pum
uru	Pum
uru	Napumsaka
urubUka	Pum
urvarA	Stri
urvaSI	Stri
urvI	Stri
ulapa	Pum
ulUka	Pum
ulUKala	Napumsaka
ulUKalaka	Napumsaka
ulUpin	Pum
ulkA	Stri
ulba	Pum
ulba	Napumsaka
ulmuka	Napumsaka
ullU	Pum
ulloca	Pum
ullola	Pum
uSanas	Pum
uSIra	Pum
uSIra	Napumsaka
uzaRA	Stri
uzarbuDa	Pum
uzas	Stri
uzas	Napumsaka
uzApati	Pum
uzwra	Pum
uzRa	Pum
uzRaraSmi	Pum
uzRikA	Stri
uzRih	Stri
uzRIza	Pum
uzRopagama	Pum
usrA	Stri
UDas	Napumsaka
Uravya	Pum
Uru	Pum
Uruja	Pum
Uruparvan	Napumsaka
Uruparvan	Pum
Urja	Pum
Urjasvala	Pum
Urjasvin	Pum
UrjAtiSayAnvita	Pum
Urj	Pum
Urj	Napumsaka
UrRanABa	Pum
UrRA	Stri
UrRAyu	Pum
UrDvajAnu	Pum
UrDvajYu	Pum
Urmi	Pum
Urmi	Stri
UrmikA	Stri
Urmimat	Pum
Urmimat	Napumsaka
Uza	Pum
Uzavat	Pum
Uzavat	Napumsaka
Uzmaka	Pum
UzmAgama	Pum
Uha	Pum
f	Pum
fkTa	Napumsaka
fkza	Napumsaka
fkza	Pum
fkzaganDA	Stri
fkzaganDikA	Stri
fc	Stri
fjIza	Napumsaka
fju	Pum
fju	Napumsaka
fj	Stri
fRa	Napumsaka
fta	Napumsaka
ftIyA	Stri
ftu	Pum
ftumatI	Stri
ftvij	Pum
fdDi	Stri
fBava	Pum
fBukzin	Pum
fSya	Pum
fzaBa	Pum
fzi	Pum
fzyaproktA	Stri
x	Pum
eka	Pum
eka	Napumsaka
ekaguru	Pum
ekatama	Pum
ekatama	Napumsaka
ekatamA	Stri
ekatara	Pum
ekatara	Napumsaka
ekatarA	Stri
ekadanta	Pum
ekadfzwi	Pum
ekaDura	Pum
ekaDurAvaha	Pum
ekaDurIRa	Pum
ekapadI	Stri
ekapiNga	Pum
ekahAyanI	Stri
ekA	Stri
ekAkin	Pum
ekAgArika	Pum
ekAdfS	Pum
ekAnta	Napumsaka
ekAvalI	Stri
ekAzwIlA	Stri
ekAzWIla	Pum
eqa	Pum
eqaka	Pum
eqagaja	Pum
eqUka	Napumsaka
eRa	Pum
etad	Pum
etad	Stri
etad	Napumsaka
etAdfS	Pum
eDa	Pum
enas	Napumsaka
eraRqa	Pum
elA	Stri
elAparRI	Stri
elAvAluka	Napumsaka
ezaRikA	Stri
ezikA	Stri
ENguda	Napumsaka
Etihya	Napumsaka
ErAvaRa	Pum
ErAvata	Pum
ErAvatI	Stri
Elavila	Pum
Eleya	Napumsaka
ESvarya	Napumsaka
okas	Napumsaka
okAs	Pum
oGa	Pum
oNkAra	Pum
ojas	Napumsaka
oqrapuzpa	Napumsaka
otu	Pum
odana	Pum
odana	Napumsaka
oza	Pum
ozaDi	Stri
ozaDI	Stri
ozaDISa	Pum
ozWa	Pum
Okzaka	Napumsaka
Oqulomi	Pum
OttAnapAdi	Pum
Opagavaka	Napumsaka
Opavasta	Napumsaka
OmIna	Napumsaka
OraBraka	Napumsaka
Orasa	Pum
Orva	Pum
OlUkya	Pum
OSIra	Napumsaka
OSIra	Pum
OzaRa	Napumsaka
OzaDa	Napumsaka
OzaDi	Stri
Ozwraka	Napumsaka
ka	Napumsaka
ka	Pum
kakuda	Pum
kakuda	Napumsaka
kakudmatI	Stri
kakuBa	Pum
kakuB	Stri
kakkolaka	Napumsaka
kakza	Pum
kakzyA	Stri
kaNka	Pum
kaNkawaka	Pum
kaNkaRa	Napumsaka
kaNkatikA	Stri
kaNkAla	Pum
kaNgu	Stri
kaca	Pum
kacCa	Pum
kacCapa	Pum
kacCapI	Stri
kacCu	Stri
kacCU	Stri
kaYcuka	Pum
kaYcukin	Pum
kawa	Pum
kawaka	Pum
kawaka	Napumsaka
kawaprU	Pum
kawaBI	Stri
kawamBarA	Stri
kawAkza	Pum
kawi	Stri
kawiproTa	Pum
kawu	Napumsaka
kawu	Pum
kawu	Stri
kawu	Napumsaka
kawutumbI	Stri
kawurohiRI	Stri
kawPala	Pum
kawvaNga	Pum
kaWiYjara	Pum
kaWillaka	Pum
kaqaNgara	Pum
kaqamba	Pum
kaqAra	Pum
kaRa	Pum
kaRA	Stri
kaRikA	Stri
kaRiSa	Napumsaka
kaRwaka	Pum
kaRwakArikA	Stri
kaRwakiPala	Pum
kaRWaBUzA	Stri
kaRWIrava	Pum
kaRqu	Stri
kaRqU	Stri
kaRqUyA	Stri
kaRqUrA	Stri
kaRqola	Pum
kaRqolavIRA	Stri
katama	Pum
katama	Napumsaka
katamA	Stri
katara	Pum
katara	Napumsaka
katarA	Stri
kati	Pum
kati	Stri
kati	Napumsaka
katipaya	Pum
katipaya	Napumsaka
kattfRa	Napumsaka
kaTayat	Pum
kaTA	Stri
kadaDvan	Pum
kadamba	Pum
kadambaka	Napumsaka
kadambaka	Pum
kadara	Pum
kadalI	Stri
kaduzRa	Napumsaka
kadru	Pum
kanaka	Napumsaka
kanakADyakza	Pum
kanakAlukA	Stri
kanakAhvaya	Pum
kanizWa	Pum
kanizWA	Stri
kanInikA	Stri
kanIyas	Pum
kanda	Pum
kandara	Pum
kandarAla	Pum
kandarpa	Pum
kandalI	Stri
kandu	Pum
kandu	Stri
kanduka	Pum
kanDarA	Stri
kanyakAjAta	Pum
kanyA	Stri
kapawa	Pum
kapawa	Napumsaka
kaparda	Pum
kapardin	Pum
kapAla	Pum
kapAla	Napumsaka
kapAlaBft	Pum
kapAlin	Pum
kapi	Pum
kapikacCU	Stri
kapitTa	Pum
kapila	Pum
kapilA	Stri
kapivallI	Stri
kapiSa	Pum
kapiSIrza	Napumsaka
kapItana	Pum
kapota	Pum
kapotapAlikA	Stri
kapotANGri	Stri
kapola	Pum
kaPa	Pum
kaPin	Pum
kaPin	Napumsaka
kaPoRi	Pum
kaPoRi	Stri
kabanDa	Napumsaka
kabanDa	Pum
kabarI	Stri
kamaWa	Pum
kamaWI	Stri
kamaRqalu	Pum
kamaRqalu	Napumsaka
kamaRqalU	Stri
kamala	Napumsaka
kamala	Pum
kamalA	Stri
kamalAsana	Pum
kamalottara	Napumsaka
kamalodBava	Pum
kamal	Pum
kamitf	Pum
kamitf	Napumsaka
kampa	Pum
kambala	Pum
kambalivAhyaka	Napumsaka
kambi	Stri
kambu	Pum
kambu	Napumsaka
kambugrIvA	Stri
kara	Pum
karaka	Pum
karakA	Stri
karaja	Napumsaka
karaja	Pum
karaYjaka	Pum
karawa	Pum
karaRa	Napumsaka
karaRa	Pum
karatoyA	Stri
karapatra	Napumsaka
karaBa	Pum
karaBU	Pum
karaBUzaRa	Napumsaka
karamardaka	Pum
karamBa	Pum
kararuha	Pum
karavAla	Pum
karavAlikA	Stri
karavIra	Pum
karaSAKA	Stri
karaSIkara	Pum
karahAwa	Pum
karahAwaka	Pum
karigarjita	Napumsaka
kariRI	Stri
karin	Pum
karipippalI	Stri
kariSAvaka	Pum
karIra	Pum
karIra	Napumsaka
karIza	Pum
karIza	Napumsaka
karuRA	Stri
karewu	Pum
kareRu	Stri
kareRu	Pum
karowi	Stri
karka	Pum
karkawaka	Pum
karkawI	Stri
karkanDU	Pum
karkanDU	Stri
karkarI	Stri
karkarewu	Pum
karkaSa	Pum
karkAru	Pum
karcUra	Pum
karcUraka	Pum
karRa	Pum
karRajalOkA	Stri
karRaDAra	Pum
karRavezwana	Napumsaka
karRikA	Stri
karRikAra	Pum
karRIraTa	Pum
kartarI	Stri
kartf	Pum
kartrI	Stri
kardama	Pum
karpawa	Pum
karpara	Pum
karparI	Stri
karpUra	Pum
karpUra	Napumsaka
karbura	Napumsaka
karbura	Pum
karmakara	Pum
karmaRyA	Stri
karman	Napumsaka
karmandin	Pum
karmamowI	Stri
karmavftta	Napumsaka
karmasaciva	Pum
karmasAkzin	Pum
karmAra	Pum
karmendriya	Napumsaka
karza	Pum
karza	Napumsaka
karzaka	Pum
karzaPala	Pum
karzu	Pum
karzU	Stri
kala	Pum
kalakala	Pum
kalaNka	Pum
kalatra	Napumsaka
kalaDOta	Napumsaka
kalaBa	Pum
kalamba	Pum
kalambI	Stri
kalarava	Pum
kalala	Pum
kalala	Napumsaka
kalaviNka	Pum
kalaSI	Stri
kalaha	Pum
kalahaMsa	Pum
kalA	Stri
kalAda	Pum
kalAniDi	Pum
kalApa	Pum
kalAya	Pum
kalAhIna	Pum
kali	Pum
kalikA	Stri
kaliNga	Napumsaka
kaliNga	Pum
kalidruma	Pum
kalimAraka	Pum
kaluza	Napumsaka
kalevara	Napumsaka
kalka	Pum
kalka	Napumsaka
kalpa	Pum
kalpanA	Stri
kalpavfkza	Pum
kalpAnta	Pum
kalmaza	Napumsaka
kalmAza	Pum
kalya	Napumsaka
kalyA	Stri
kalyARa	Napumsaka
kallola	Pum
kalhAra	Napumsaka
kavaca	Pum
kavaca	Napumsaka
kavala	Pum
kavi	Pum
kavikA	Stri
kavozRa	Napumsaka
kavya	Napumsaka
kaSA	Stri
kaSipu	Pum
kaSipu	Napumsaka
kaSerukA	Stri
kaSmala	Napumsaka
kaSya	Napumsaka
kaza	Pum
kazAya	Pum
kazAya	Napumsaka
kazwa	Napumsaka
kaMsa	Pum
kaMsa	Napumsaka
kaMsArAti	Pum
kastUrI	Stri
kahva	Pum
kAka	Pum
kAkaciYcA	Stri
kAkatinduka	Pum
kAkanAsikA	Stri
kAkapakza	Pum
kAkapIluka	Pum
kAkamAcI	Stri
kAkamudgA	Stri
kAkalI	Stri
kAkANgI	Stri
kAki	Stri
kAku	Stri
kAkuda	Napumsaka
kAkendu	Pum
kAkodara	Pum
kAkodumbarikA	Stri
kAkola	Pum
kAkola	Napumsaka
kAkzI	Stri
kANkzA	Stri
kAca	Pum
kAcasTAlI	Stri
kAYcana	Napumsaka
kAYcanAhvaya	Pum
kAYcanI	Stri
kAYcI	Stri
kAYjika	Napumsaka
kARqa	Pum
kARqa	Napumsaka
kARqapfzWa	Pum
kARqavat	Pum
kARqIra	Pum
kARqekzu	Pum
kAtyAyanI	Stri
kAdamba	Pum
kAdambarI	Stri
kAdambinI	Stri
kAdraveya	Pum
kAnana	Napumsaka
kAnIna	Pum
kAntalaka	Pum
kAntA	Stri
kAntAra	Napumsaka
kAntAra	Pum
kAntAraka	Pum
kAnti	Stri
kApaTa	Pum
kApila	Pum
kApota	Napumsaka
kApotAYjana	Napumsaka
kAma	Pum
kAma	Napumsaka
kAmaNgAmin	Pum
kAmaduh	Stri
kAmapAla	Pum
kAmayitf	Pum
kAmayitf	Napumsaka
kAminI	Stri
kAmin	Pum
kAmukA	Stri
kAmukI	Stri
kAmpilya	Pum
kAmbala	Pum
kAmbavika	Pum
kAmboja	Pum
kAmbojI	Stri
kAmyadAna	Napumsaka
kAya	Napumsaka
kAya	Pum
kAyasTA	Stri
kAraRa	Napumsaka
kAraRA	Stri
kAraRqava	Pum
kAraBU	Pum
kAramBA	Stri
kAravI	Stri
kAravella	Pum
kArA	Stri
kArABU	Pum
kArikA	Stri
kArIza	Napumsaka
kAru	Pum
kAruRya	Napumsaka
kArottara	Pum
kArtasvara	Napumsaka
kArtAntika	Pum
kArtika	Pum
kArtikika	Pum
kArtikeya	Pum
kArpAsI	Stri
kArmaRa	Napumsaka
kArmuka	Napumsaka
kArSya	Pum
kArzApaRa	Pum
kArzika	Pum
kAla	Pum
kAlaka	Pum
kAlakaRWaka	Pum
kAlakUwa	Pum
kAlakUwa	Napumsaka
kAlakriyAmAna	Napumsaka
kAlaKaRqa	Napumsaka
kAlaDarma	Pum
kAlapfzWa	Napumsaka
kAlamezikA	Stri
kAlamezI	Stri
kAlaSeya	Napumsaka
kAlasUtra	Napumsaka
kAlaskanDa	Pum
kAlA	Stri
kAlAguru	Napumsaka
kAlAnusArya	Napumsaka
kAlAyasa	Napumsaka
kAlAyIRa	Napumsaka
kAlikA	Stri
kAlikovasTA	Stri
kAlindI	Stri
kAlindIBedana	Pum
kAliman	Pum
kAlI	Stri
kAlIyaka	Napumsaka
kAlIyaka	Pum
kAlpaka	Pum
kAvacika	Napumsaka
kAverI	Stri
kAvya	Pum
kASa	Pum
kASa	Napumsaka
kASI	Stri
kASmarI	Stri
kASmarya	Pum
kASmIra	Napumsaka
kASmIrajanman	Napumsaka
kASyapi	Pum
kASyapI	Stri
kAzwA	Stri
kAzWa	Napumsaka
kAzWakuddAla	Pum
kAzWatakza	Pum
kAzWA	Stri
kAzWIlA	Stri
kAsa	Pum
kAsara	Pum
kAsAra	Pum
kikIdivi	Pum
kiNkara	Pum
kiNkiRI	Stri
kiYculaka	Pum
kiYjalka	Pum
kiwi	Pum
kiwwa	Napumsaka
kiRihI	Stri
kiRva	Napumsaka
kitava	Pum
kinnara	Pum
kinnareSa	Pum
kim	Pum
kim	Stri
kim	Napumsaka
kimpuruza	Pum
kiyat	Pum
kiyat	Napumsaka
kiraRa	Pum
kiraRamAlin	Pum
kirAta	Pum
kirAtatikta	Pum
kiri	Pum
kirIwa	Pum
kirIwa	Napumsaka
kirmIra	Pum
kilAsa	Napumsaka
kilAsin	Pum
kilAsin	Napumsaka
kiliYjaka	Pum
kilbiza	Napumsaka
kiMvadantI	Stri
kiMSAru	Pum
kiMSuka	Pum
kiSora	Pum
kizku	Pum
kisalaya	Pum
kisalaya	Napumsaka
kIkasa	Napumsaka
kIcaka	Pum
kIdfS	Pum
kInASa	Pum
kIra	Pum
kIrti	Stri
kIla	Pum
kIlaka	Pum
kIlA	Stri
kIlAla	Napumsaka
kIlAlapA	Pum
kISa	Pum
ku	Stri
kukara	Pum
kukundara	Pum
kukUla	Napumsaka
kukUla	Pum
kukkuwa	Pum
kukkuBa	Pum
kukkura	Napumsaka
kukkura	Pum
kukzi	Pum
kukzimBari	Stri
kukzimBari	Pum
kukzimBari	Napumsaka
kuNkuma	Napumsaka
kuca	Pum
kucandana	Napumsaka
kucAgra	Napumsaka
kuja	Pum
kuYja	Pum
kuYja	Napumsaka
kuYjara	Pum
kuYjarASana	Pum
kuYjala	Napumsaka
kuwa	Pum
kuwaka	Napumsaka
kuwaja	Pum
kuwannawa	Napumsaka
kuwannawa	Pum
kuwI	Pum
kuwI	Stri
kuwumbavyApfta	Pum
kuwumbinI	Stri
kuwwanI	Stri
kuwwima	Pum
kuwmala	Pum
kuwmala	Napumsaka
kuWara	Pum
kuWAra	Pum
kuWeraka	Pum
kuqava	Pum
kuqya	Napumsaka
kuRapa	Napumsaka
kuRi	Pum
kuRqa	Napumsaka
kuRqa	Pum
kuRqala	Napumsaka
kuRqalin	Pum
kuRqI	Stri
kutapa	Pum
kutapa	Napumsaka
kutuka	Napumsaka
kutupa	Pum
kutU	Stri
kutUhala	Napumsaka
kutsA	Stri
kuTa	Pum
kuddAla	Pum
kunawI	Stri
kunASaka	Pum
kunta	Pum
kuntala	Pum
kunda	Pum
kunda	Napumsaka
kunduru	Pum
kundurukI	Stri
kupya	Napumsaka
kubera	Pum
kuberaka	Pum
kuberAkzI	Stri
kubja	Pum
kumAra	Pum
kumAraka	Pum
kumArI	Pum
kumArI	Stri
kumuda	Pum
kumuda	Napumsaka
kumudabAnDava	Pum
kumudikA	Stri
kumudinI	Stri
kumudvatI	Stri
kumudvat	Pum
kumudvat	Napumsaka
kumbA	Stri
kumBa	Pum
kumBakAra	Pum
kumBasamBava	Pum
kumBikA	Stri
kumBinI	Stri
kumBI	Stri
kumBInasa	Pum
kumBIra	Pum
kuraNga	Pum
kuraRwaka	Pum
kurabaka	Pum
kurara	Pum
kuruvinda	Pum
kuruvista	Pum
kurvat	Pum
kula	Napumsaka
kulaka	Pum
kulawA	Stri
kulatTikA	Stri
kulapAlikA	Stri
kulaSrezWin	Pum
kulasamBava	Pum
kulastrI	Stri
kulAya	Pum
kulAla	Pum
kulAlI	Stri
kuliSa	Pum
kuliSa	Napumsaka
kulI	Stri
kulIna	Pum
kulIra	Pum
kulmAza	Napumsaka
kulmAza	Pum
kulya	Napumsaka
kulyA	Stri
kuvala	Napumsaka
kuvalaya	Napumsaka
kuvinda	Pum
kuveRI	Stri
kuSa	Napumsaka
kuSa	Pum
kuSala	Napumsaka
kuSI	Stri
kuSIlava	Pum
kuSeSaya	Napumsaka
kuzWa	Napumsaka
kusIda	Napumsaka
kusIdika	Pum
kusuma	Napumsaka
kusumAYjana	Napumsaka
kusumezu	Pum
kusumBa	Napumsaka
kusumBa	Pum
kusfti	Stri
kustumbaru	Napumsaka
kuhanA	Stri
kuhara	Napumsaka
kuhU	Stri
kUkuda	Pum
kUwa	Pum
kUwa	Napumsaka
kUwayantra	Napumsaka
kUwaSAlmali	Pum
kUpa	Pum
kUpaka	Pum
kUbara	Pum
kUrca	Pum
kUrca	Napumsaka
kUrcaSIrza	Pum
kUrcikA	Stri
kUrdana	Napumsaka
kUrpara	Pum
kUrpAsaka	Pum
kUrpAsaka	Napumsaka
kUrma	Pum
kUla	Napumsaka
kUlaNkazA	Stri
kUzmARqaka	Pum
kfkaRa	Pum
kfkavAku	Pum
kfkAwikA	Stri
kfcCra	Napumsaka
kfta	Napumsaka
kftapuNKa	Pum
kftamAla	Pum
kftasapatnikA	Stri
kftahasta	Pum
kftAnta	Pum
kfti	Stri
kftin	Pum
kftin	Napumsaka
kftti	Stri
kfttivAsas	Pum
kftyA	Stri
kftrimaDUpaka	Pum
kfpA	Stri
kfpARa	Pum
kfpARI	Stri
kfpAlu	Pum
kfpAlu	Napumsaka
kfpIwayoni	Pum
kfmi	Pum
kfmiGna	Pum
kfmija	Napumsaka
kfSAnu	Pum
kfSAnuretas	Pum
kfSASvin	Pum
kfzaka	Pum
kfzi	Stri
kfzika	Pum
kfzIvala	Pum
kfzwi	Pum
kfzRa	Pum
kfzRa	Napumsaka
kfzRapAkaPala	Pum
kfzRaPalI	Stri
kfzRaBedI	Stri
kfzRalA	Stri
kfzRalohita	Pum
kfzRavartman	Pum
kfzRavfntA	Stri
kfzRasAra	Pum
kfzRA	Stri
kfzRikA	Stri
kfsara	Napumsaka
kF	Pum
kekara	Pum
kekA	Stri
kekin	Pum
ketakI	Stri
ketana	Napumsaka
ketu	Pum
kedAra	Pum
kenipAtaka	Pum
keyUra	Pum
keyUra	Napumsaka
keli	Pum
keli	Stri
kevala	Napumsaka
keSa	Pum
keSaGna	Napumsaka
keSaparRI	Stri
keSapASI	Stri
keSava	Pum
keSaveSa	Pum
keSAmbunAma	Napumsaka
keSika	Pum
keSinI	Stri
keSin	Pum
kesara	Pum
kesara	Napumsaka
kesarin	Pum
kEwaBajit	Pum
kEwarya	Pum
kEtava	Napumsaka
kEdAraka	Napumsaka
kEdArika	Napumsaka
kEdArya	Napumsaka
kErava	Napumsaka
kElAsa	Pum
kEvarta	Pum
kEvartImustaka	Napumsaka
kEvalya	Napumsaka
kESika	Napumsaka
kESya	Napumsaka
koka	Pum
kokanada	Napumsaka
kokanadacCavi	Pum
kokila	Pum
kokilAkza	Pum
kowara	Pum
kowara	Napumsaka
kowavI	Stri
kowi	Stri
kowivarzA	Stri
kowiSa	Pum
kowI	Stri
koWa	Pum
koRa	Pum
kodaRqa	Napumsaka
kodrava	Pum
kopa	Pum
kopanA	Stri
kopin	Pum
kopin	Napumsaka
koyazwika	Pum
koraka	Pum
koraNgI	Stri
koradUza	Pum
kola	Napumsaka
kola	Pum
kolaka	Napumsaka
koladala	Napumsaka
kolambaka	Pum
kolavallI	Stri
kolA	Stri
kolAhala	Pum
kolI	Stri
kovida	Pum
kovidAra	Pum
koSa	Pum
koSa	Napumsaka
koSaPala	Napumsaka
koSAtakI	Stri
koza	Pum
koza	Napumsaka
kozWa	Pum
kozRa	Napumsaka
kOkzeyaka	Pum
kOwatakza	Pum
kOwika	Pum
kORapa	Pum
kORqinya	Pum
kOtuka	Napumsaka
kOtUhala	Napumsaka
kOtsa	Pum
kOdumIRa	Napumsaka
kOdravIRa	Napumsaka
kOntika	Pum
kOntI	Stri
kOpIna	Napumsaka
kOmArI	Stri
kOmudI	Stri
kOmodakI	Stri
kOlawineya	Pum
kOlaweya	Pum
kOlawera	Pum
kOlIna	Napumsaka
kOleyaka	Pum
kOSika	Pum
kOstuBa	Pum
krakaca	Pum
krakaca	Napumsaka
krakara	Pum
kratu	Pum
kratuDvaMsin	Pum
kratuBuj	Pum
kraTana	Napumsaka
krandana	Napumsaka
krandita	Napumsaka
krama	Pum
kramuka	Pum
kramelaka	Pum
krayavikrayaka	Pum
krayika	Pum
kravya	Napumsaka
kravyAda	Pum
kravyAd	Pum
krAyaka	Pum
kriyA	Stri
kriyAvat	Pum
kriyAvat	Napumsaka
krIqA	Stri
kruD	Stri
krunc	Pum
kruzwa	Napumsaka
kretf	Pum
kroqa	Napumsaka
kroqa	Pum
kroDa	Pum
kroDin	Pum
kroSayuga	Napumsaka
krozwu	Pum
krozwu	Stri
krozwuvinnA	Stri
krozwrI	Stri
krOYca	Pum
krOYcadAraRa	Pum
klama	Pum
klamaTa	Pum
klizwa	Napumsaka
klItaka	Napumsaka
klItakikA	Stri
klIba	Pum
klIba	Napumsaka
kleSa	Pum
kloman	Napumsaka
kvaRa	Pum
kvaRana	Napumsaka
kvARa	Pum
kzaRa	Pum
kzaRadA	Stri
kzaRana	Napumsaka
kzaRapraBA	Stri
kzataja	Napumsaka
kzatavrata	Pum
kzattf	Pum
kzatriya	Pum
kzatriyA	Stri
kzatriyARI	Stri
kzatriyI	Stri
kzantf	Pum
kzantf	Napumsaka
kzantrf	Pum
kzapA	Stri
kzapAkara	Pum
kzamA	Stri
kzamitf	Pum
kzamitf	Napumsaka
kzamin	Pum
kzamin	Napumsaka
kzaya	Pum
kzava	Pum
kzavaTu	Pum
kzAnti	Stri
kzAmI	Pum
kzAra	Pum
kzAraka	Pum
kzAramfttikA	Stri
kziti	Stri
kzipA	Stri
kzipnu	Pum
kzipnu	Napumsaka
kzipra	Napumsaka
kziyA	Stri
kzIra	Napumsaka
kzIravidArI	Stri
kzIraSuklA	Stri
kzIrasAgarakanyakA	Stri
kzIrAvI	Stri
kzIrikA	Stri
kzIroda	Pum
kzIrodatanayA	Stri
kzuta	Napumsaka
kzut	Stri
kzudraGaRwikA	Stri
kzudraSaNKa	Pum
kzudrA	Stri
kzudrARqamatsyasaNGAta	Pum
kzuDABijanana	Pum
kzuD	Stri
kzupa	Pum
kzumA	Stri
kzura	Pum
kzuraka	Pum
kzurin	Pum
kzullaka	Pum
kzetra	Napumsaka
kzetrajYa	Pum
kzetrAjIva	Pum
kzepaRa	Napumsaka
kzepaRI	Stri
kzema	Pum
kzema	Napumsaka
kzEtra	Napumsaka
kzoRi	Stri
kzoda	Pum
kzOdra	Napumsaka
kzOma	Pum
kzOma	Napumsaka
kzOra	Napumsaka
kzmA	Stri
kzmABft	Pum
kzveqA	Stri
Ka	Napumsaka
Kaga	Pum
KageSvara	Pum
Kajaka	Pum
KajAkA	Stri
KaYja	Pum
KaYjana	Pum
KaYjarIwa	Pum
KawvA	Stri
Kaqga	Pum
Kaqgin	Pum
KaRqa	Pum
KaRqa	Napumsaka
KaRqaparaSu	Pum
KaRqavikAra	Pum
KaRqika	Pum
Kadira	Pum
KadirA	Stri
Kadyota	Pum
Kanaka	Pum
Kani	Stri
Kanitra	Napumsaka
Kanj	Pum
Kapura	Pum
Kara	Pum
KaraRasa	Pum
KaraRas	Pum
KarapuzpA	Stri
KaramaYjarI	Stri
KarA	Stri
KarASvA	Stri
Karju	Stri
KarjurI	Stri
KarjU	Stri
KarjUra	Napumsaka
KarjUra	Pum
Karva	Pum
KalapU	Pum
KalapU	Stri
KalinI	Stri
KalIna	Pum
KalIna	Napumsaka
KaledAru	Napumsaka
KalyA	Stri
KAta	Napumsaka
KArapAyaRa	Pum
KArI	Stri
KArIka	Pum
Kura	Pum
KuraRasa	Pum
KuraRas	Pum
Kewaka	Napumsaka
Keya	Napumsaka
KelA	Stri
Koqa	Pum
KyAti	Stri
gagana	Napumsaka
gaNgA	Stri
gaNgADara	Pum
gacCat	Pum
gaja	Pum
gajatA	Stri
gajabanDanI	Stri
gajaBakzyA	Stri
gajAnana	Pum
gajAri	Pum
gaYjA	Stri
gaqaka	Pum
gaqula	Pum
gaRa	Pum
gaRaka	Pum
gaRapati	Pum
gaRarAtra	Napumsaka
gaRarUpa	Pum
gaRahAsaka	Pum
gaRADipa	Pum
gaRikA	Stri
gaRikArikA	Stri
gaRqa	Pum
gaRqaka	Pum
gaRqakArI	Stri
gaRqaSEla	Pum
gaRqAlI	Stri
gaRqIra	Pum
gaRqUpada	Pum
gaRqUpadI	Stri
gaRqUza	Pum
gatanAsika	Pum
gati	Stri
gada	Pum
gadin	Pum
gantf	Pum
gantrI	Stri
ganDa	Pum
ganDaka	Pum
ganDakuwI	Stri
ganDana	Napumsaka
ganDanAkulI	Stri
ganDaPalI	Stri
ganDamAdana	Napumsaka
ganDamUlI	Stri
ganDarasa	Pum
ganDarva	Pum
ganDarvahastaka	Pum
ganDavaha	Pum
ganDavahA	Stri
ganDavAha	Pum
ganDasAra	Pum
ganDASman	Pum
ganDinI	Stri
ganDottamA	Stri
ganDolI	Stri
gaBasti	Pum
gama	Pum
gamana	Napumsaka
gamx	Pum
gamx	Napumsaka
gamBArI	Stri
gariman	Pum
garI	Stri
garIyas	Pum
garuqa	Pum
garuqaDvaja	Pum
garuqAgraja	Pum
garut	Pum
garutmat	Pum
gargarI	Stri
garjita	Napumsaka
garjita	Pum
garta	Pum
gardaBa	Pum
gardaBARqa	Pum
gardaB	Pum
garBa	Pum
garBaka	Pum
garBAgAra	Napumsaka
garBASaya	Pum
garBiRI	Stri
garBopaGAtinI	Stri
garva	Pum
garhaRa	Napumsaka
garhyavAdin	Pum
garhyavAdin	Napumsaka
gala	Pum
galakambala	Pum
galantikA	Stri
galoddeSa	Pum
galyA	Stri
gavaya	Pum
gavala	Napumsaka
gavAkza	Pum
gavAkzI	Stri
gavAc	Napumsaka
gavAnc	Napumsaka
gavISvara	Pum
gaveDu	Stri
gaveDukA	Stri
gavezaRA	Stri
gavyA	Stri
gavyUti	Stri
gahana	Napumsaka
gahvara	Napumsaka
gahvarI	Stri
gANgeya	Napumsaka
gANgerukI	Stri
gAQa	Napumsaka
gARikya	Napumsaka
gARqiva	Pum
gARqiva	Napumsaka
gARqIva	Pum
gARqIva	Napumsaka
gAtra	Napumsaka
gAtrAnulepanI	Stri
gADeya	Pum
gAna	Napumsaka
gAnDAra	Pum
gAyatrI	Stri
gArutmata	Napumsaka
gArgya	Pum
gArBiRa	Napumsaka
gArhapatya	Pum
gAlava	Pum
giri	Pum
giri	Stri
girikarRI	Stri
girikA	Stri
girija	Napumsaka
girijA	Stri
girimallikA	Stri
giriSa	Pum
girISa	Pum
gir	Stri
gIta	Napumsaka
gIrRi	Stri
gIrvARa	Pum
gIzpati	Pum
guggulu	Pum
gucCa	Pum
gucCaka	Pum
guYjA	Stri
guqa	Pum
guqapuzpa	Pum
guqaPala	Pum
guqA	Stri
guqUcI	Stri
guRa	Pum
guRavat	Pum
guRavfkzaka	Pum
guRin	Pum
gutsa	Pum
gutsArDa	Pum
guda	Napumsaka
gundra	Pum
gundrA	Stri
gup	Pum
gupti	Stri
guraRa	Napumsaka
guru	Pum
gurviRI	Stri
gulPa	Pum
gulma	Pum
gulminI	Stri
guvAka	Pum
guha	Pum
guhA	Stri
guhya	Napumsaka
guhyaka	Pum
guhyakeSvara	Pum
gUQapAd	Pum
gUQapuruza	Pum
gUTa	Napumsaka
gfYjana	Pum
gfDnu	Pum
gfDnu	Napumsaka
gfDra	Pum
gfzwi	Stri
gfha	Pum
gfha	Napumsaka
gfhapati	Pum
gfhameDin	Pum
gfhayAlu	Pum
gfhayAlu	Napumsaka
gfhArAma	Pum
gfhAvagrahaRI	Stri
gfhin	Pum
gfhyaka	Pum
genduka	Pum
geha	Pum
geha	Napumsaka
gErika	Napumsaka
gEreya	Napumsaka
go	Pum
go	Stri
goac	Napumsaka
goanc	Napumsaka
gokaRwaka	Pum
gokarRa	Pum
gokarRI	Stri
gokula	Napumsaka
gokzuraka	Pum
gocara	Pum
goc	Napumsaka
gojihvA	Stri
goqumbA	Stri
gotra	Napumsaka
gotra	Pum
gotraBid	Pum
gotrA	Stri
godAraRa	Napumsaka
goduh	Pum
goDana	Napumsaka
goDA	Stri
goDApadI	Stri
goDi	Pum
goDikA	Stri
goDikAtmaja	Pum
goDUma	Pum
gonarda	Napumsaka
gonasa	Pum
gonc	Napumsaka
gopa	Pum
gopati	Pum
gopA	Stri
gopA	Pum
gopAnasI	Stri
gopAla	Pum
gopI	Stri
gopura	Napumsaka
gopyaka	Pum
gomat	Pum
gomaya	Pum
gomaya	Napumsaka
gomAyu	Pum
gomin	Pum
gorakz	Pum
gorakz	Pum
gorasa	Pum
gorda	Napumsaka
golaka	Pum
golA	Stri
golIQa	Pum
golomI	Stri
govandanI	Stri
govinda	Pum
goviz	Pum
goviz	Napumsaka
goSIrza	Napumsaka
gozWa	Napumsaka
gozWI	Stri
gozpada	Napumsaka
gosaNKya	Pum
gosarga	Pum
gostana	Pum
gostanI	Stri
gosTAnaka	Napumsaka
gOtama	Pum
gODAra	Pum
gODumIRa	Napumsaka
gODeya	Pum
gODera	Pum
gOra	Pum
gOrava	Napumsaka
gOrI	Stri
gOzWIna	Napumsaka
granTa	Pum
granTi	Pum
granTika	Napumsaka
granTiparRa	Napumsaka
granTila	Pum
grasta	Napumsaka
graha	Pum
grahaRI	Stri
grahapati	Pum
grahItf	Pum
grahItf	Napumsaka
grAma	Pum
grAmaRI	Pum
grAmaRI	Stri
grAmatakza	Pum
grAmatA	Stri
grAmADIna	Pum
grAmAnta	Napumsaka
grAmIRA	Stri
grAmya	Napumsaka
grAmyaDarma	Pum
grAvan	Pum
grAsa	Pum
grAha	Pum
grAhin	Pum
grIvA	Stri
grIzma	Pum
grEveyaka	Napumsaka
glaha	Pum
glAsnu	Pum
glAsnu	Napumsaka
glO	Pum
Gawa	Pum
GawanA	Stri
GawA	Stri
GawIyantra	Napumsaka
GaRwApaTa	Pum
GaRwApAwali	Pum
GaRwApAwali	Stri
GaRwAravA	Stri
Gana	Napumsaka
Gana	Pum
Ganarasa	Pum
GanasAra	Pum
GanAGana	Pum
Garma	Pum
Gasra	Pum
GARwika	Pum
GAta	Pum
GAsa	Pum
GuwikA	Stri
GUka	Pum
GfRA	Stri
GfRi	Pum
Gfta	Napumsaka
GftaspfS	Pum
GftAcI	Stri
Gfzwi	Pum
Gowaka	Pum
GoRA	Stri
GoRin	Pum
GoRwA	Stri
Goza	Pum
Gozaka	Pum
GozaRA	Stri
GrARa	Napumsaka
GrARatarpaRa	Pum
cakamardaka	Pum
cakAsat	Pum
cakra	Napumsaka
cakra	Pum
cakrakAraka	Napumsaka
cakrapARi	Pum
cakralA	Stri
cakravartinI	Stri
cakravartin	Pum
cakravAka	Pum
cakravAla	Pum
cakrANga	Pum
cakrANgI	Stri
cakrin	Pum
cakrIvat	Pum
cakzuHSravas	Pum
cakzuz	Napumsaka
cakzuzyA	Stri
caYcalA	Stri
caYcu	Stri
caYcu	Pum
caYcU	Stri
cawaka	Pum
cawakA	Stri
cawakASiras	Napumsaka
cawu	Pum
caRaka	Pum
caRasUtra	Napumsaka
caRqA	Stri
caRqAta	Pum
caRqAtaka	Napumsaka
caRqAla	Pum
caRqAlavallakI	Stri
caRqAMSu	Pum
caRqikA	Stri
catura	Pum
caturaNgula	Pum
caturahna	Pum
pUrvAhRa	Pum
caturAnana	Pum
catur	Pum
catur	Stri
catur	Napumsaka
caturTI	Stri
caturBadra	Napumsaka
caturBuja	Pum
caturvarga	Pum
caturhAyaRI	Stri
catuHSAla	Napumsaka
catuzwaya	Napumsaka
catuzpaTa	Napumsaka
catvara	Napumsaka
catvAriMSat	Stri
candana	Pum
candana	Napumsaka
candra	Pum
candraka	Pum
candrabAlA	Stri
candraBAgA	Stri
candramas	Pum
candraSAlA	Stri
candraSeKara	Pum
candrasaMjYa	Pum
candrahAsa	Pum
candrikA	Stri
capala	Napumsaka
capala	Pum
capalA	Stri
capewa	Pum
camara	Pum
camarika	Pum
camU	Stri
camUru	Pum
campU	Stri
caya	Pum
cara	Pum
caraRa	Pum
caraRa	Napumsaka
carama	Pum
carama	Napumsaka
caramakzmABft	Pum
carizRu	Pum
carizRu	Napumsaka
caru	Pum
carcA	Stri
carcikA	Stri
carmakazA	Stri
carmakAra	Pum
carman	Napumsaka
carmapraBeDikA	Stri
carmaprasevikA	Stri
carmamuRqA	Stri
carmin	Pum
caryA	Stri
caladala	Pum
calita	Napumsaka
cavikA	Stri
cavya	Napumsaka
cazaka	Pum
cazaka	Napumsaka
cazAla	Pum
cAkrika	Pum
cANgerI	Stri
cAwakEra	Pum
cAwu	Pum
cARqAla	Pum
cARqAlikA	Stri
cAtaka	Pum
cAturvarRya	Napumsaka
cApa	Pum
cApa	Napumsaka
cAmara	Napumsaka
cAmIkara	Napumsaka
cAmuRqA	Stri
cAmpaka	Pum
cAmpeya	Pum
cAra	Pum
cArawI	Stri
cAraRa	Pum
cAraRAyuDa	Pum
cAru	Napumsaka
cArcikya	Napumsaka
cArmaRa	Napumsaka
cArvAka	Pum
cAlanI	Stri
cAza	Pum
cikitsaka	Pum
cikitsA	Stri
cikIrz	Pum
cikura	Pum
ciYcA	Stri
citA	Stri
citi	Stri
cit	Stri
citta	Napumsaka
cittaviBrama	Pum
cittasamunnati	Stri
cittABoga	Pum
cittodreka	Pum
cityA	Stri
citra	Napumsaka
citraka	Napumsaka
citraka	Pum
citrakara	Pum
citrakAya	Pum
citrakft	Pum
citrataRqulA	Stri
citraparRI	Stri
citraBAnu	Pum
citraSiKaRqija	Pum
citraSiKanqin	Pum
citrA	Stri
cintayat	Pum
cintA	Stri
cinvat	Pum
cipiwaka	Pum
cibuka	Napumsaka
ciraYjIvin	Pum
ciraprasUtA	Stri
cirabilva	Pum
ciriRwI	Stri
cilicima	Pum
cilla	Pum
cihna	Napumsaka
cIna	Pum
cIrI	Stri
cukra	Napumsaka
cukra	Pum
cukrikA	Stri
cullI	Stri
cUcuka	Pum
cUcuka	Napumsaka
cUqA	Stri
cUqAmaRi	Pum
cUqAlA	Stri
cUta	Pum
cUrRa	Napumsaka
cUrRakuntala	Pum
cUlikA	Stri
cecCid	Napumsaka
cewaka	Pum
cetakI	Stri
cetana	Pum
cetanA	Stri
cetara	Pum
cetas	Napumsaka
cela	Napumsaka
cEtya	Napumsaka
cEtra	Pum
cEtraraTa	Napumsaka
cEtrika	Pum
coca	Napumsaka
codya	Napumsaka
corapuzpI	Stri
corayat	Pum
cola	Pum
cOra	Pum
cOrikA	Stri
cOrya	Napumsaka
Cagalaka	Pum
CagalAntrI	Stri
Catra	Napumsaka
CatrA	Stri
CatrAkI	Stri
Cada	Pum
Cada	Napumsaka
Cadana	Napumsaka
Cadiz	Stri
Cadma	Napumsaka
Canda	Pum
Candas	Napumsaka
Cala	Napumsaka
Cavi	Stri
CAga	Pum
CAgI	Stri
CAta	Pum
CAtra	Pum
CAndasa	Pum
CAyA	Stri
CAyAnATa	Pum
Cidra	Napumsaka
Cindat	Pum
CinnaruhA	Stri
CurikA	Stri
Ceka	Pum
Cedana	Napumsaka
jakzat	Pum
jagaccakzuz	Pum
jagatI	Stri
jagat	Napumsaka
jagatprARa	Pum
jagadambA	Stri
jagara	Pum
jagala	Pum
jagDi	Stri
jaGana	Napumsaka
jaGanePalA	Stri
jaGanyaja	Pum
jaNGA	Stri
jaNGAkarika	Pum
jaNGAla	Pum
jawA	Stri
jawAjUwa	Pum
jawin	Pum
jawilA	Stri
jaWara	Pum
jaWara	Napumsaka
jaqiman	Pum
jaqula	Pum
jatu	Napumsaka
jatuka	Napumsaka
jatukA	Stri
jatukft	Stri
jatUkA	Stri
jatru	Napumsaka
jana	Pum
janaka	Pum
janaNgama	Pum
janatA	Stri
janana	Napumsaka
jananI	Stri
janapada	Pum
janayitrI	Stri
janaSruti	Stri
janArdana	Pum
janASraya	Pum
jani	Stri
janI	Stri
januz	Napumsaka
janeSvara	Pum
janO	Pum
jantu	Pum
jantuPala	Pum
janman	Napumsaka
janmin	Pum
janya	Pum
janyu	Pum
japa	Pum
japApuzpa	Napumsaka
jampati	Pum
jambAla	Pum
jambIra	Pum
jambu	Stri
jambu	Napumsaka
jambuka	Pum
jambU	Stri
jamBa	Pum
jamBaBedin	Pum
jamBala	Pum
jamBIra	Pum
jaya	Pum
jayana	Napumsaka
jayanta	Pum
jayantI	Stri
jayaSrI	Stri
jayA	Stri
jayya	Pum
jaraRa	Pum
jarat	Pum
jaradgava	Pum
jarA	Stri
jarAyu	Pum
jala	Napumsaka
jalajantu	Pum
jalaDara	Pum
jalaniDi	Pum
jalanirgama	Pum
jalanIlI	Stri
jalapI	Pum
jalamuc	Pum
jalavyAla	Pum
jalaSAyin	Pum
jalaSukti	Stri
jalaspfS	Pum
jalADAra	Pum
jalASaya	Napumsaka
jalASaya	Pum
jalocCvAsa	Pum
jalOkas	Pum
jalOkA	Stri
java	Pum
javana	Napumsaka
javana	Pum
javanikA	Stri
javADika	Pum
jahA	Stri
jahnutanayA	Stri
jAgarA	Stri
jAgaritf	Pum
jAgaritf	Napumsaka
jAgaryA	Stri
jAgrat	Pum
jANgulika	Pum
jANGika	Pum
jAta	Napumsaka
jAtarUpa	Napumsaka
jAtavedas	Pum
jAtApatyA	Stri
jAti	Stri
jAtIkoSa	Napumsaka
jAtIPala	Napumsaka
jAtokza	Pum
jAnat	Pum
jAnu	Pum
jAnu	Napumsaka
jAbAla	Pum
jAmAtf	Pum
jAmi	Stri
jAmbava	Napumsaka
jAmbUnada	Napumsaka
jAyaka	Napumsaka
jAyA	Stri
jAyAjIva	Pum
jAyApati	Pum
jAyu	Pum
jAra	Pum
jAla	Napumsaka
jAlaka	Napumsaka
jAlika	Pum
jAlI	Stri
jAlma	Pum
jiGatsu	Pum
jiGatsu	Napumsaka
jiNgI	Stri
jitvara	Pum
jina	Pum
jizRu	Pum
jihma	Pum
jihmaga	Pum
jihvA	Stri
jIna	Pum
jImUta	Pum
jIraka	Pum
jIrRa	Pum
jIrRavastra	Napumsaka
jIva	Pum
jIvaka	Pum
jIvaYjIva	Pum
jIvana	Napumsaka
jIvanI	Stri
jIvanIyA	Stri
jIvanOzaDa	Napumsaka
jIvantikA	Stri
jIvantI	Stri
jIvA	Stri
jIvAtu	Pum
jIvAntaka	Pum
jIvikA	Stri
jIvitakAla	Pum
jIviteSa	Pum
jugupsA	Stri
juNga	Pum
juhU	Stri
jU	Stri
jUti	Stri
jUrti	Stri
jfmBaRa	Napumsaka
jetf	Pum
jemana	Napumsaka
jeya	Pum
jEtra	Pum
jEminIya	Pum
jEvAtfka	Pum
joNgaka	Napumsaka
jYa	Pum
jYapti	Stri
jYAtasidDAnta	Pum
jYAti	Pum
jYAtf	Pum
jYAtf	Napumsaka
jYAteya	Napumsaka
jYAna	Napumsaka
jYAnin	Pum
jyA	Stri
jyAni	Stri
jyAyas	Pum
jyezWa	Pum
jyotiriNgaRa	Pum
jyotiz	Napumsaka
jyotizmatI	Stri
jyotsnA	Stri
jyotsnI	Stri
jyOtizika	Pum
jvara	Pum
jvalana	Pum
jvAlA	Stri
JaYJAvAta	Pum
JawA	Stri
Jara	Pum
JarJara	Pum
Jaza	Pum
JazA	Stri
JAwala	Pum
JAvuka	Pum
JiRwI	Stri
JillikA	Stri
JIrukA	Stri
waNka	Pum
waNka	Napumsaka
wiwwiBaka	Pum
wuRwuka	Pum
qamara	Pum
qamaru	Pum
qayana	Napumsaka
qahu	Pum
qiRqima	Pum
qimba	Pum
qimBa	Pum
qimBA	Stri
quRquBa	Pum
quli	Stri
QakkA	Stri
takra	Napumsaka
takzaka	Pum
takzan	Pum
takz	Pum
takz	Pum
tawinI	Stri
taqAga	Pum
taqAga	Napumsaka
taqit	Stri
taqitvat	Pum
taRqula	Pum
taRqulIya	Pum
tata	Napumsaka
tatama	Pum
tatama	Napumsaka
tatamA	Stri
tatara	Pum
tatara	Napumsaka
tatarA	Stri
tatkAla	Pum
tattva	Napumsaka
taTAgata	Pum
taTya	Napumsaka
tadAtva	Napumsaka
tad	Pum
tad	Stri
tad	Napumsaka
tadryac	Pum
tanaya	Pum
tanayA	Stri
tanu	Stri
tanu	Pum
tanu	Napumsaka
tanutra	Napumsaka
tanU	Stri
tanUnapAt	Pum
tanUruha	Napumsaka
tantu	Pum
tantuBa	Pum
tantuvAya	Pum
tantra	Napumsaka
tantrikA	Stri
tantrI	Stri
tandrA	Stri
tandrI	Stri
tapa	Pum
tapana	Pum
tapanIya	Napumsaka
tapas	Napumsaka
tapas	Pum
tapasya	Pum
tapasvinI	Stri
tapasvin	Pum
tama	Pum
tamas	Napumsaka
tamasvinI	Stri
tamAla	Pum
tamAlapatra	Napumsaka
tamisra	Napumsaka
tamisrahan	Pum
tamisrA	Stri
tamI	Stri
tamonud	Pum
tamopaha	Pum
tarakzu	Pum
taraNga	Pum
taraNgiRI	Stri
taraRi	Pum
tarapaRya	Napumsaka
tarala	Pum
taralA	Stri
tarasa	Napumsaka
taras	Napumsaka
tarasvin	Pum
tarasvin	Napumsaka
tari	Stri
tarI	Stri
taru	Pum
taruRa	Pum
taruRI	Stri
tarka	Pum
tarkavidyA	Stri
tarkArI	Stri
tarjanI	Stri
tarRaka	Pum
tardU	Pum
tarpaRa	Napumsaka
tarman	Napumsaka
tarza	Pum
tala	Napumsaka
talpa	Pum
talpa	Napumsaka
tallaja	Pum
taskara	Pum
tARqava	Pum
tARqava	Napumsaka
tAta	Pum
tAdfS	Pum
tAntrika	Pum
tApana	Napumsaka
tApasa	Pum
tApasataru	Pum
tApicCa	Pum
tAmarasa	Napumsaka
tAmalakI	Stri
tAmasI	Stri
tAmbUlavallI	Stri
tAmbUlI	Stri
tAmraka	Napumsaka
tAmrakarRI	Stri
tAmrakuwwaka	Pum
tAmracUqa	Pum
tAra	Pum
tArakajit	Pum
tArakA	Stri
tArakAkzi	Stri
tArA	Stri
tArApaTa	Pum
tAruRya	Napumsaka
tArkzya	Pum
tArkzyaSEla	Napumsaka
tAla	Napumsaka
tAla	Pum
tAlapatra	Napumsaka
tAlaparRI	Stri
tAlamUlikA	Stri
tAlavfntaka	Napumsaka
tAlANka	Pum
tAlI	Stri
tAlu	Napumsaka
tAvat	Pum
tAvat	Napumsaka
tikta	Pum
tiktaka	Pum
tiktaSAka	Pum
tigma	Napumsaka
titau	Pum
titikzA	Stri
titikzu	Pum
titikzu	Napumsaka
tittiri	Pum
tiTi	Stri
tiTi	Pum
tiniSa	Pum
tintiqI	Stri
tintiqIka	Napumsaka
tinduka	Pum
timi	Pum
timiNgala	Pum
timira	Napumsaka
tiraskariRI	Stri
tiraskriyA	Stri
tirIwa	Pum
tiroDAna	Napumsaka
tiryac	Pum
tiryac	Napumsaka
tiryanc	Napumsaka
tilaka	Napumsaka
tilaka	Pum
tilakAlaka	Pum
tilaparRI	Stri
tilapiYja	Pum
tilapeja	Pum
tilitsa	Pum
tilottamA	Stri
tilOdana	Pum
tilva	Pum
tizya	Pum
tizyaPalA	Stri
tizyA	Stri
tIkzRa	Napumsaka
tIkzRaganDaka	Pum
tIkzRaDI	Pum
tIra	Napumsaka
tIrTa	Napumsaka
tIvra	Napumsaka
tIvravedanA	Stri
tuNga	Pum
tuNgI	Stri
tuRqa	Napumsaka
tuRqikerI	Stri
tuRqin	Pum
tutTa	Napumsaka
tutTA	Stri
tutTAYjana	Napumsaka
tudat	Napumsaka
tunda	Napumsaka
tundaparimfja	Pum
tundika	Pum
tundin	Pum
tundila	Pum
tunna	Pum
tunnavAya	Pum
tumula	Napumsaka
tumbI	Stri
turaga	Pum
turaNga	Pum
turaNgama	Pum
turaNgavadana	Pum
turAsAh	Pum
turuzka	Pum
tulA	Stri
tulAkowi	Pum
tulyapAna	Napumsaka
tuvara	Pum
tuvarikA	Stri
tuza	Pum
tuzAra	Pum
tuzita	Pum
tuhina	Napumsaka
tURa	Pum
tURI	Stri
tURIra	Pum
tUrRa	Napumsaka
tUla	Napumsaka
tUla	Pum
tUli	Stri
tUlikA	Stri
tUvara	Pum
tfRa	Napumsaka
tfRaDAnya	Napumsaka
tfRaDvaja	Pum
tfRarAjAhvaya	Pum
tfRaSUnya	Napumsaka
tfRyA	Stri
tftIya	Pum
tftIya	Napumsaka
tftIyA	Stri
tftIyAprakfti	Pum
tfpti	Stri
tfz	Stri
tfzRaj	Pum
tfzRaj	Napumsaka
tfzRA	Stri
tF	Pum
tejana	Pum
tejanaka	Pum
tejanI	Stri
tejasAMrASi	Pum
tejas	Napumsaka
tema	Pum
temana	Napumsaka
tEjasa	Napumsaka
tEjasAvartanI	Stri
tEttira	Napumsaka
tEla	Napumsaka
tElaparRika	Napumsaka
tElapAyikA	Stri
tEza	Pum
toka	Napumsaka
tokma	Pum
totra	Napumsaka
todana	Napumsaka
tomara	Pum
tomara	Napumsaka
toya	Napumsaka
toyapippalI	Stri
toraRa	Pum
toraRa	Napumsaka
tOryatrika	Napumsaka
tyad	Pum
tyad	Pum
tyad	Stri
tyad	Napumsaka
tyAga	Pum
tyAgin	Pum
tyAdfS	Pum
trapA	Stri
trapu	Napumsaka
trayI	Stri
trayItanu	Pum
trasara	Pum
trARa	Napumsaka
trAyantI	Stri
trAyamARA	Stri
trAsa	Pum
tri	Pum
tri	Stri
tri	Napumsaka
trika	Napumsaka
trikakud	Pum
trikawu	Napumsaka
trikA	Stri
trikUwa	Pum
tritaya	Napumsaka
tridaSa	Pum
tridaSAlaya	Pum
tridiva	Pum
tridiveSa	Pum
tripaTagA	Stri
tripuwA	Stri
tripurAntaka	Pum
triPalA	Stri
triBaRqI	Stri
triyAmA	Stri
trilocana	Pum
trivarga	Pum
trivikrama	Pum
trivizwapa	Napumsaka
trivftA	Stri
trivft	Stri
triMSat	Stri
trisanDya	Napumsaka
trisrotas	Stri
trihAyaRI	Stri
truwi	Stri
tretA	Stri
trowi	Stri
tryambaka	Pum
tryambakasaKa	Pum
tryahna	Pum
tryUzaRa	Napumsaka
tva	Pum
tva	Napumsaka
tvakkzIrI	Stri
tvakpatra	Napumsaka
tvaksAra	Pum
tvaca	Napumsaka
tvac	Stri
tvat	Pum
tvarA	Stri
tvarita	Napumsaka
tvarita	Pum
tvaritodita	Napumsaka
tvazwf	Pum
tvA	Stri
tvAcisAra	Pum
tvAdfS	Pum
tvizAmpati	Pum
tviz	Stri
tsaru	Pum
dakza	Pum
dakziRa	Pum
dakziRa	Napumsaka
dakziRadakziRA	Stri
dakziRapaScimA	Stri
dakziRapUrvA	Stri
dakziRasTa	Pum
dakziRA	Stri
dakziRAgni	Pum
dakziRerman	Pum
dagDikA	Stri
daRqa	Pum
daRqa	Napumsaka
daRqaDara	Pum
daRqanIti	Stri
daRqavizkamBa	Pum
daRqAhata	Napumsaka
daRqin	Napumsaka
daRqin	Pum
dadat	Pum
dadat	Napumsaka
dadruGna	Pum
dadrurogin	Pum
dadrurogin	Napumsaka
daDi	Napumsaka
daDitTa	Pum
daDiPala	Pum
daDisaktu	Pum
daDfz	Pum
danuja	Pum
danta	Pum
dantaka	Pum
dantaDAvana	Pum
dantaBAga	Pum
dantaSaWa	Pum
dantaSaWA	Stri
dantAvala	Pum
dantikA	Stri
dantin	Pum
dandaSUka	Pum
dama	Pum
damaTa	Pum
damunas	Pum
dampati	Pum
damBa	Pum
damBoli	Pum
damya	Pum
dayA	Stri
dayAlu	Pum
dayAlu	Napumsaka
dara	Pum
dara	Napumsaka
daridrat	Pum
darI	Stri
dardura	Pum
darpa	Pum
darpaka	Pum
darpaRa	Pum
darpaRa	Napumsaka
darBa	Pum
darvi	Stri
darvIkara	Pum
darSa	Pum
darSaka	Pum
darSana	Napumsaka
dala	Napumsaka
dava	Pum
davIyas	Pum
davIyas	Napumsaka
daMSa	Pum
daSana	Pum
daMSana	Napumsaka
daSanavAsas	Napumsaka
daSan	Pum
daSabala	Pum
daSamin	Pum
daSamIsTa	Pum
daSA	Stri
daSAhna	Pum
daMSI	Stri
daMzwrin	Pum
dasyu	Pum
dahana	Pum
dAkzAyaRI	Stri
dAkzAyiRI	Stri
dAkzAyya	Pum
dAqima	Pum
dAqimapuzpaka	Pum
dAtf	Pum
dAtyUha	Pum
dAtra	Napumsaka
dAtrI	Stri
dAna	Napumsaka
dAnava	Pum
dAnavAri	Pum
dAnta	Pum
dAnti	Stri
dAmanI	Stri
dAman	Napumsaka
dAman	Stri
dAmalih	Pum
dAmodara	Pum
dAyAda	Pum
dAra	Pum
dAraka	Napumsaka
dArada	Pum
dAru	Napumsaka
dAru	Pum
dAru	Napumsaka
dAruka	Pum
dAruharidrA	Stri
dAruhastaka	Pum
dArvAGAwa	Pum
dArvikA	Stri
dArvI	Stri
dAva	Pum
dASa	Pum
dASapura	Napumsaka
dAsa	Pum
dAsI	Stri
dAseya	Pum
dAsera	Pum
ditisuta	Pum
diDakz	Pum
diDizu	Stri
diDizU	Stri
dina	Napumsaka
dinakft	Pum
dinamaRi	Pum
dinAnta	Pum
divasa	Pum
divasa	Napumsaka
divaspati	Pum
divaspfTivi	Stri
divaspfTivI	Stri
divAkara	Pum
divAkIrti	Pum
divAnDa	Pum
divABIta	Pum
divizad	Pum
divOkas	Pum
div	Stri
diS	Stri
dizwa	Napumsaka
dizwa	Pum
dizwAnta	Pum
dIkzita	Pum
dIdivi	Pum
dIDiti	Stri
dIDyat	Pum
dIpa	Pum
dIpaka	Pum
dIpti	Stri
dIpya	Pum
dIrGakoSikA	Stri
dIrGadarSin	Pum
dIrGapfzWa	Pum
dIrGavfnta	Pum
dIrGAhan	Pum
dIrGikA	Stri
dIvyat	Napumsaka
dukUla	Napumsaka
duHKa	Napumsaka
duHKaBAj	Pum
dugDa	Napumsaka
dugDikA	Stri
dudruma	Pum
dunduBi	Pum
dunduBi	Stri
duraDva	Pum
durAlaBA	Stri
durita	Napumsaka
durezaRA	Stri
durodara	Napumsaka
durodara	Pum
durga	Napumsaka
durgati	Stri
durganDa	Pum
durgasaYcara	Pum
durgA	Stri
durdina	Napumsaka
durDI	Pum
durDI	Pum
durDI	Pum
durnAmaka	Napumsaka
durnAman	Pum
durbala	Pum
durmanas	Pum
durmanas	Napumsaka
durvarRa	Napumsaka
durvAsas	Pum
durhfd	Pum
duScyavana	Pum
duzkfta	Napumsaka
duzpatra	Pum
duzpraDarziRI	Stri
duHsparSa	Pum
duHsparSA	Stri
duhitf	Stri
duh	Pum
dUta	Pum
dUtI	Stri
dUtya	Napumsaka
dUradarSin	Pum
dUrvA	Stri
dUzikA	Stri
dUzya	Napumsaka
dUzyA	Stri
dfgBU	Pum
dfQa	Napumsaka
dfQasanDi	Stri
dfQasanDi	Pum
dfQasanDi	Napumsaka
dfnBU	Pum
dfmBU	Pum
dfS	Stri
dfS	Pum
dfS	Napumsaka
dfzad	Stri
dfzwa	Napumsaka
dfzwarajas	Stri
dfzwAnta	Pum
dfzwi	Stri
deva	Pum
devakInandana	Pum
devakusuma	Napumsaka
devaKAta	Napumsaka
devaKAtaka	Napumsaka
devacCanda	Pum
devajagDaka	Napumsaka
devataru	Pum
devatA	Stri
devatAqa	Pum
devadAru	Pum
devadAru	Napumsaka
devadryac	Pum
devana	Napumsaka
devana	Pum
devaBUya	Napumsaka
devara	Pum
devala	Pum
devavallaBa	Pum
devasaBA	Stri
devAjIva	Pum
devI	Stri
devf	Pum
devej	Pum
deSa	Pum
deSarUpa	Napumsaka
deSika	Pum
deha	Pum
deha	Napumsaka
dehalI	Stri
dehin	Pum
dEteya	Pum
dEtya	Pum
dEtyaguru	Pum
dEtyA	Stri
dEtyAri	Pum
dErGya	Napumsaka
dEva	Napumsaka
dEvajYa	Pum
dEvajYA	Stri
dEvata	Pum
dEvata	Napumsaka
dolA	Stri
doza	Pum
dozajYa	Pum
dozEkadfS	Pum
dozEkadfS	Napumsaka
doz	Pum
dohada	Napumsaka
dohadavatI	Stri
dyAvApfTivi	Stri
dyAvApfTivI	Stri
dyAvABUmi	Stri
dyuti	Stri
dyumaRi	Pum
dyumna	Napumsaka
dyUta	Pum
dyUta	Napumsaka
dyUtakAraka	Pum
dyUtakft	Pum
dyo	Stri
dyota	Pum
drapsa	Napumsaka
drava	Pum
dravantI	Stri
draviRa	Napumsaka
dravya	Napumsaka
drazwf	Pum
drAkzA	Stri
drAviqaka	Pum
drukilima	Napumsaka
druGaRa	Pum
druRa	Pum
druta	Napumsaka
drudruma	Pum
drumAmaya	Pum
drumotpala	Pum
druvaya	Napumsaka
druhiRa	Pum
druh	Pum
droRa	Pum
droRakAka	Pum
droRakzIrA	Stri
droRadugDA	Stri
droRI	Stri
drohacintana	Napumsaka
drORika	Napumsaka
dvandva	Napumsaka
dvaya	Pum
dvaya	Napumsaka
dvayAtiga	Pum
dvAdaSANgula	Pum
dvAdaSAtman	Pum
dvAdfS	Pum
dvApara	Pum
dvAra	Napumsaka
dvArapA	Pum
dvArapAla	Pum
dvArin	Pum
dvAr	Stri
dvAHsTa	Pum
dvAsTita	Pum
dvi	Pum
dvi	Stri
dvi	Napumsaka
dvija	Pum
dvijarAja	Pum
dvijA	Stri
dvijAti	Pum
dvijihva	Pum
dvitaya	Pum
dvitaya	Napumsaka
dvitIya	Pum
dvitIya	Napumsaka
dvitIyA	Stri
dvipa	Pum
dvipAdya	Pum
dvirada	Pum
dvirasana	Pum
dvirePa	Pum
dvizat	Pum
dviz	Pum
dvihAyanI	Stri
dvIpa	Pum
dvIpa	Napumsaka
dvIpavatI	Stri
dvIpin	Pum
dvezaRa	Pum
dvEDa	Napumsaka
dvEpAyana	Pum
dvEmAtura	Pum
dvyazwa	Napumsaka
dvyahna	Pum
DattUra	Pum
Dana	Napumsaka
Danada	Pum
DanaSrI	Stri
DanaharI	Stri
DanADipa	Pum
Danin	Pum
DanizWA	Stri
DanurDara	Pum
DanurmaDya	Napumsaka
Danuz	Napumsaka
Danuzpawa	Pum
Danuzmat	Pum
DanYjaya	Pum
Danvan	Napumsaka
Danvan	Pum
DanvayAsa	Pum
Danvin	Pum
Damana	Pum
Damani	Stri
DamanI	Stri
Dammilla	Pum
Dara	Pum
DaraRi	Stri
DarA	Stri
DaritrI	Stri
Darma	Pum
Darma	Napumsaka
DarmacintA	Stri
DarmaDvajin	Pum
Darmapattana	Napumsaka
DarmarAja	Pum
DarmasaMhitA	Stri
DarziRI	Stri
Dava	Pum
Davala	Pum
DavalA	Stri
Davitra	Napumsaka
DAtakI	Stri
DAtu	Pum
DAtupuzpikA	Stri
DAtf	Pum
DAtf	Napumsaka
DAtrI	Stri
DAnA	Stri
DAnuzka	Pum
DAnya	Napumsaka
DAnyatvac	Stri
DAnyAka	Napumsaka
DAnyAmla	Napumsaka
DAmaniDi	Pum
DAman	Napumsaka
DAmArgava	Pum
DAyyA	Stri
DAraRA	Stri
DArA	Stri
DArADara	Pum
DArAsampAta	Pum
DArtarAzwra	Pum
DAvanI	Stri
DizaRa	Pum
DizaRA	Stri
DI	Stri
DIndriya	Napumsaka
DImatI	Stri
DImat	Pum
DIra	Pum
DIran	Napumsaka
DIvara	Pum
DISakti	Stri
DIsaciva	Pum
DunI	Stri
DurIRa	Pum
Durya	Pum
Durvaha	Pum
DU	Stri
DUmaketu	Pum
DUmayoni	Pum
DUmala	Pum
DUmyA	Stri
DUmyAwa	Pum
DUmra	Pum
DUmrapA	Pum
DUrjawi	Pum
DUrta	Pum
DUli	Stri
DUsara	Pum
Dfti	Stri
DfzRaj	Pum
DfzRaj	Napumsaka
Denu	Stri
DenukA	Stri
DenupA	Pum
DenuzyA	Stri
DEnuka	Napumsaka
DEvata	Pum
DoraRa	Napumsaka
DOtakOSeya	Napumsaka
DOritaka	Napumsaka
DOreya	Pum
DyAma	Napumsaka
Druva	Napumsaka
Druva	Pum
DruvA	Stri
Dvaja	Pum
Dvaja	Napumsaka
DvajinI	Stri
Dvani	Pum
Dvas	Pum
DvANkza	Pum
DvAna	Pum
DvAnta	Napumsaka
nakulezwA	Stri
naktaka	Pum
naktamAla	Pum
nakra	Pum
nakzatra	Napumsaka
nakzatramAlA	Stri
nakzatreSa	Pum
naKa	Napumsaka
naKa	Pum
naKara	Pum
naKara	Napumsaka
naga	Pum
nagarI	Stri
nagOkas	Pum
nagnahU	Pum
nagnikA	Stri
nawa	Pum
nawana	Napumsaka
nawI	Stri
naqa	Pum
naqyA	Stri
naqvat	Pum
naqvat	Napumsaka
natanAsika	Pum
nadI	Stri
nadIsarja	Pum
naDrI	Stri
nanandf	Stri
nanAndf	Stri
nandaka	Pum
nandana	Napumsaka
nandika	Pum
nandikeSvara	Pum
nandivfkza	Pum
nandyAvarta	Pum
napuMsaka	Pum
napuMsaka	Napumsaka
naptf	Pum
naptrI	Stri
naBasaNgama	Pum
naBas	Napumsaka
naBas	Pum
naBasya	Pum
naBasvat	Pum
namaskArI	Stri
namasyA	Stri
namucisUdana	Pum
naya	Pum
nayana	Napumsaka
nara	Pum
naraka	Pum
narakAntaka	Pum
naravAhana	Pum
nari	Pum
nartakI	Stri
nartana	Napumsaka
narmadA	Stri
narman	Napumsaka
nalakUbara	Pum
nalada	Napumsaka
nalamIna	Pum
nalina	Napumsaka
nalinI	Stri
nalI	Stri
nalva	Pum
navati	Stri
navadala	Napumsaka
navanIta	Napumsaka
navan	Pum
navamallikA	Stri
navamAlikA	Stri
navasUtikA	Stri
navAmbara	Napumsaka
navAhna	Pum
naS	Pum
nazwacezwatA	Stri
nazwAgni	Pum
nastita	Pum
nasyota	Pum
nAka	Pum
nAku	Pum
nAkulI	Stri
nAga	Pum
nAgakesara	Pum
nAgajihvikA	Stri
nAgabalA	Stri
nAgara	Napumsaka
nAgaraNga	Pum
nAgaloka	Pum
nAgavallI	Stri
nAgasamBava	Napumsaka
nAgAntaka	Pum
nAwya	Napumsaka
nAqinDama	Pum
nAqI	Stri
nAqIvraRa	Pum
nATavat	Pum
nATavat	Napumsaka
nAda	Pum
nAdeyI	Stri
nAndIvAdin	Pum
nAndIvAdin	Napumsaka
nApita	Pum
nABi	Pum
nABijanman	Pum
nAmaDeya	Napumsaka
nAman	Napumsaka
nAya	Pum
nAyaka	Pum
nAraka	Pum
nArada	Pum
nArAca	Pum
nArAcI	Stri
nArAyaRa	Pum
nArAyaRI	Stri
nArI	Stri
nAla	Napumsaka
nAla	Pum
nAlikera	Pum
nAvika	Pum
nASa	Pum
nAsA	Stri
nAsAmala	Napumsaka
nAsikA	Stri
nAstikatA	Stri
nikara	Pum
nikarzaRa	Napumsaka
nikaza	Pum
nikazAtmaja	Pum
nikAya	Pum
nikAyya	Pum
nikAra	Pum
nikAraRa	Napumsaka
nikuYcaka	Pum
nikuYja	Pum
nikuYja	Napumsaka
nikumBa	Pum
nikuramba	Napumsaka
nikfti	Stri
niketana	Napumsaka
nikocaka	Pum
nikvaRa	Pum
nikvARa	Pum
nigaqa	Pum
nigaqa	Napumsaka
nigada	Pum
nigama	Pum
nigAda	Pum
nigAra	Pum
nigAla	Pum
nigraha	Pum
niGa	Pum
niGasa	Pum
nicula	Pum
nitamba	Pum
nitambinI	Stri
nitAnta	Napumsaka
nitya	Napumsaka
nidAGa	Pum
nidAna	Napumsaka
nidigDikA	Stri
nideSa	Pum
nidrA	Stri
nidrAlu	Pum
nidrAlu	Napumsaka
niDana	Napumsaka
niDana	Pum
niDi	Pum
niDuvana	Napumsaka
niDyAna	Napumsaka
ninada	Pum
ninAda	Pum
nindA	Stri
nipa	Pum
nipa	Napumsaka
nipaWa	Pum
nipAWa	Pum
nipAtana	Napumsaka
nipAna	Napumsaka
nibarhaRa	Napumsaka
nimitta	Napumsaka
nimnagA	Stri
nimba	Pum
nimbataru	Pum
niyati	Stri
niyantf	Pum
niyama	Pum
niyAmaka	Pum
niyudDa	Napumsaka
niyojya	Pum
niraya	Pum
nirasana	Napumsaka
nirasta	Napumsaka
nirAkarizRu	Pum
nirAkarizRu	Napumsaka
nirAkfti	Pum
nirISa	Napumsaka
nirfti	Stri
niroDa	Pum
nirgatajvAlA	Stri
nirguRqI	Stri
nirgranTana	Napumsaka
nirGoza	Pum
nirjara	Pum
nirJara	Pum
nirJariRI	Stri
nirRaya	Pum
nirRejaka	Pum
nirdeSa	Pum
nirBara	Napumsaka
nirmada	Pum
nirmukta	Pum
niryARa	Napumsaka
niryAtana	Napumsaka
niryUha	Pum
nirvapaRa	Napumsaka
nirvarRana	Napumsaka
nirvahaRa	Napumsaka
nirvARa	Napumsaka
nirvAda	Pum
nirvApaRa	Napumsaka
nirvAsana	Napumsaka
nirveSa	Pum
nirvyaTana	Napumsaka
nirhArin	Pum
nirhrAda	Pum
nilaya	Pum
nivaha	Pum
nivApa	Pum
nivAsin	Pum
nivIta	Napumsaka
niveSa	Pum
niSA	Stri
niSAkara	Pum
niSAwana	Pum
niSAnta	Napumsaka
niSApati	Pum
niSAhvA	Stri
niSITa	Pum
niSITinI	Stri
niScaya	Pum
niHSreRi	Stri
niHSreyasa	Napumsaka
nizaNga	Pum
nizaNgin	Pum
nizadyA	Stri
nizadvara	Pum
nizaDa	Pum
nizAda	Pum
nizAdin	Pum
nizUdana	Napumsaka
nizka	Pum
nizka	Napumsaka
nizkalA	Stri
nizkuwa	Pum
nizkuwI	Stri
nizkuha	Pum
nizkrama	Pum
nizWA	Stri
nizWAna	Napumsaka
nizWIvana	Napumsaka
nizWura	Napumsaka
nizWeva	Pum
nizWevana	Napumsaka
nizWyUti	Stri
nizpAva	Pum
nizpravARi	Stri
nizpravARi	Pum
nizpravARi	Napumsaka
niHsaraRa	Napumsaka
nisarga	Pum
nistarhaRa	Napumsaka
nistriMSa	Pum
nisrAva	Pum
nisvana	Pum
nisvAna	Pum
nihanana	Napumsaka
nihAkA	Stri
nihAra	Pum
nihiMsana	Napumsaka
nihIna	Pum
nihnava	Pum
nI	Pum
nIca	Pum
nIqa	Pum
nIqa	Napumsaka
nIqodBava	Pum
nIDra	Napumsaka
nIpa	Pum
nIra	Napumsaka
nIla	Pum
nIlakaRWa	Pum
nIlaNgu	Pum
nIlalohita	Pum
nIlA	Stri
nIlAmbara	Pum
nIlAmbujanman	Napumsaka
nIlikA	Stri
nIlinI	Stri
nIlI	Stri
nIlotpala	Napumsaka
nIvAka	Pum
nIvAra	Pum
nIvI	Stri
nIvfd	Pum
nISAra	Pum
nIhAra	Pum
nuti	Stri
nUda	Pum
nUpura	Pum
nUpura	Napumsaka
nf	Pum
nftya	Napumsaka
nftyat	Pum
nfpa	Pum
nfpalakzma	Napumsaka
nfpAsana	Napumsaka
netf	Pum
netra	Napumsaka
netrAmbu	Napumsaka
nepaTya	Napumsaka
nema	Pum
nema	Napumsaka
nemA	Stri
nemi	Stri
nemin	Pum
nezwf	Pum
nEgama	Pum
nEcikI	Stri
nEpAlI	Stri
nEmeya	Pum
nEyagroDa	Napumsaka
nEyAyika	Pum
nErfta	Pum
nEzkika	Pum
nEstriMSika	Pum
nO	Stri
nOkAdaRqa	Pum
nyagroDa	Pum
nyagroDI	Stri
nyaNku	Pum
nyac	Pum
nyac	Napumsaka
nyAda	Pum
nyAya	Pum
nyAsa	Pum
pakkaRa	Pum
pakvI	Pum
pakza	Pum
pakzaka	Pum
pakzati	Stri
pakzadvAra	Napumsaka
pakzaBAga	Pum
pakzamUla	Napumsaka
pakzAnta	Pum
pakziRI	Stri
pakzin	Pum
pakzman	Napumsaka
paNka	Pum
paNka	Napumsaka
paNkeruha	Napumsaka
paNkti	Stri
paNgu	Pum
pacat	Napumsaka
pacampacA	Stri
pacA	Stri
paYcajana	Pum
paYcataya	Napumsaka
paYcatA	Stri
paYcadaSI	Stri
paYcanaKa	Pum
paYcan	Pum
paYcabARa	Pum
paYcama	Pum
paYcamahAyajYa	Pum
paYcaSara	Pum
paYcaSAKa	Pum
paYcANgula	Pum
paYcASat	Stri
paYcAsya	Pum
paYcAhna	Pum
pawa	Pum
pawa	Napumsaka
pawaccara	Napumsaka
pawala	Napumsaka
pawalaprAnta	Pum
pawavAsaka	Pum
pawaha	Pum
pawaha	Napumsaka
pawIyas	Pum
pawu	Pum
pawu	Napumsaka
pawuparRI	Stri
pawola	Pum
pawolikA	Stri
pawwikAKya	Pum
pawwI	Stri
paRa	Pum
paRava	Pum
paRqita	Pum
paRyavITikA	Stri
paRyA	Stri
paRyAjIva	Pum
pataga	Pum
pataNga	Pum
pataNgikA	Stri
patat	Pum
patatra	Napumsaka
patatri	Pum
patatrin	Pum
patadgraha	Pum
patayAlu	Pum
patayAlu	Napumsaka
patAkA	Stri
patAkin	Pum
pati	Pum
pativatnI	Stri
patiMvarA	Stri
pativratA	Stri
pattana	Napumsaka
patti	Pum
patti	Stri
pattisaMhati	Stri
patnI	Stri
patra	Napumsaka
patraparaSu	Pum
patrapASyA	Stri
patraraTa	Pum
patraleKA	Stri
patrANga	Napumsaka
patrANguli	Stri
patrin	Pum
patrorRa	Napumsaka
patrorRa	Pum
paTika	Pum
paTin	Pum
paTyA	Stri
pada	Napumsaka
padaga	Pum
padavI	Stri
padAji	Pum
padAti	Pum
padika	Pum
pad	Pum
padga	Pum
padDati	Stri
padma	Pum
padma	Napumsaka
padmaka	Napumsaka
padmacAriRI	Stri
padmanABa	Pum
padmapatra	Napumsaka
padmarAga	Pum
padmA	Stri
padmAkara	Pum
padmAkza	Pum
padmAwa	Pum
padmAlayA	Stri
padminImuKA	Stri
padmin	Pum
padyA	Stri
panasa	Pum
pannaga	Pum
pannagASana	Pum
papI	Pum
payas	Napumsaka
payasya	Napumsaka
payoDara	Pum
payomuc	Pum
para	Pum
para	Napumsaka
para	Napumsaka
para	Pum
parajAta	Pum
paradeSin	Pum
paraBfta	Pum
paraBft	Pum
paramakrI	Pum
paramacatur	Pum
paramatad	Pum
paramatri	Pum
paramatri	Stri
paramadvi	Pum
paramaDI	Pum
paramaDI	Pum
paramapaYcan	Pum
paramayuzmad	Pum
paramalU	Pum
paramalU	Pum
paramazaz	Pum
paramasaKi	Pum
paramasarva	Pum
paramAnna	Napumsaka
paramAzwan	Pum
paramAsmad	Pum
paramezWin	Pum
paramparAka	Napumsaka
paravat	Pum
paravat	Napumsaka
paraSu	Pum
paraSu	Stri
paraSvaDa	Pum
parasparaparAhata	Napumsaka
parA	Stri
parAkrama	Pum
parAga	Pum
parAcita	Pum
parAjaya	Pum
parAsana	Napumsaka
parAsu	Pum
parAsu	Napumsaka
parAskandin	Pum
parikara	Pum
parikarman	Napumsaka
parikrama	Pum
parikriyA	Stri
pariKA	Stri
parigraha	Pum
pariGa	Pum
pariGAtana	Pum
paricaya	Pum
paricara	Pum
paricaryA	Stri
paricAyya	Pum
paricAraka	Pum
pariRaya	Pum
pariRAma	Pum
pariRAya	Pum
pariRAha	Pum
paritrARa	Napumsaka
paridAna	Napumsaka
paridevana	Napumsaka
pariDAna	Napumsaka
pariDi	Pum
pariDisTa	Pum
paripaRa	Pum
paripanTin	Pum
paripAwI	Stri
paripUrRatA	Stri
paripelava	Napumsaka
paribarha	Pum
pariBava	Pum
pariBAzaRa	Napumsaka
parimala	Pum
parimfj	Pum
pariyAtraka	Pum
pariramBa	Pum
parivarjana	Napumsaka
parivAdinI	Stri
parivitti	Pum
parivfQa	Pum
parivettf	Pum
pariveza	Pum
parivyADa	Pum
parivrAj	Pum
parizad	Stri
parizkAra	Pum
parizvaNga	Pum
parisara	Pum
parisarpa	Pum
parisaryA	Stri
pariskanda	Pum
paristoma	Pum
parispanda	Pum
parisrut	Stri
parIBAva	Pum
parIvarta	Pum
parIvAda	Pum
parIvApa	Pum
parIvAra	Pum
parIvAha	Pum
parIzwi	Stri
parIsAra	Pum
parIhAsa	Pum
paruza	Napumsaka
paruz	Napumsaka
paretarAj	Pum
parezwukA	Stri
parEDita	Pum
parozRI	Stri
parkawi	Pum
parjanI	Stri
parjanya	Pum
parRa	Napumsaka
parRa	Pum
parRaSAlA	Stri
parRAsa	Pum
paryaNka	Pum
paryawana	Napumsaka
paryantaBU	Stri
paryaya	Pum
paryavasTA	Stri
paryApta	Napumsaka
paryApti	Stri
paryAya	Pum
paryudaYcana	Napumsaka
paryezaRA	Stri
parvata	Pum
parvan	Napumsaka
parvasanDi	Pum
parSukA	Stri
pala	Napumsaka
palagaRqa	Pum
palaNkazA	Stri
palala	Napumsaka
palARqu	Pum
palAla	Pum
palAla	Napumsaka
palASa	Napumsaka
palASa	Pum
palASin	Pum
paliknI	Stri
palita	Napumsaka
palyaNka	Pum
pallava	Pum
pallava	Napumsaka
palvala	Pum
palvala	Napumsaka
pava	Pum
pavana	Napumsaka
pavana	Pum
pavanASana	Pum
pavamAna	Pum
pavi	Pum
pavitra	Napumsaka
pavitra	Pum
pavitraka	Napumsaka
paSu	Pum
paSupati	Pum
paSupreraRa	Napumsaka
paSurajju	Stri
paScAttApa	Pum
paScima	Pum
paScimadakziRA	Stri
paScimA	Stri
paScimottarA	Stri
pAka	Pum
pAkala	Napumsaka
pAkaSAsana	Pum
pAkaSAsani	Pum
pAkasTAna	Napumsaka
pAkya	Napumsaka
pAkya	Pum
pAYcajanya	Pum
pAYcAla	Pum
pAYcAlikA	Stri
pAwaccara	Pum
pAwala	Pum
pAwalA	Stri
pAwali	Pum
pAwali	Stri
pAwA	Stri
pAWa	Pum
pAWin	Pum
pAWIna	Pum
pARi	Pum
pARigfhItI	Stri
pARiGa	Pum
pARiDmA	Pum
pARipIqana	Napumsaka
pARivAda	Pum
pARqara	Pum
pARqu	Pum
pARqukambalin	Pum
pARqukambalin	Napumsaka
pARqura	Pum
pAtAla	Napumsaka
pAtra	Napumsaka
pATa	Napumsaka
pAda	Pum
pAdakawaka	Pum
pAdakft	Pum
pAdagrahaRa	Napumsaka
pAdapa	Pum
pAdabanDana	Napumsaka
pAdavalmIka	Napumsaka
pAdasPowa	Pum
pAdAgra	Napumsaka
pAdANgada	Napumsaka
pAdAta	Pum
pAdAtika	Pum
pAdukA	Stri
pAdU	Stri
pAna	Napumsaka
pAnagozWikA	Stri
pAnapAtra	Napumsaka
pAnaBAjana	Napumsaka
pAnIya	Napumsaka
pAnIyaSAlikA	Stri
pAnTa	Pum
pAnnAgAri	Pum
pApa	Napumsaka
pApacelI	Stri
pApIyas	Pum
pApman	Pum
pAman	Pum
pAmara	Pum
pAmA	Stri
pAyasa	Pum
pAyasa	Napumsaka
pAyu	Pum
pAyya	Napumsaka
pAra	Napumsaka
pArada	Pum
pAraSava	Pum
pAraSvaDika	Pum
pArasIka	Pum
pArastrEReya	Pum
pArAvata	Pum
pArAvatANGri	Stri
pArAvAra	Pum
pArASarin	Pum
pArASarya	Pum
pArikANkzin	Pum
pArijAtaka	Pum
pAritaTyA	Stri
pAripArSvaka	Pum
pAriBadra	Pum
pAriBadraka	Pum
pAriBAvya	Napumsaka
pArizada	Pum
pArihArya	Pum
pAruzya	Napumsaka
pArTiva	Pum
pArvatI	Stri
pArvatInandana	Pum
pArSva	Napumsaka
pArSva	Pum
pArSvaBAga	Pum
pArzRi	Pum
pArzRigrAha	Pum
pAlaGna	Pum
pAlaNkyA	Stri
pAlASa	Pum
pAli	Stri
pAlindI	Stri
pAlI	Stri
pAvaka	Pum
pASa	Pum
pASaka	Pum
pASin	Pum
pASupata	Pum
pASupAlya	Napumsaka
pASyA	Stri
pAzaRqa	Pum
pAzARa	Pum
pAzARadAraRa	Pum
pAMsu	Pum
pAMsulA	Stri
pika	Pum
piNga	Pum
piNgala	Pum
piNgalA	Stri
picaRqa	Pum
picaRqila	Pum
picu	Pum
picumanda	Pum
picula	Pum
piccawa	Napumsaka
picCabarha	Napumsaka
picCA	Stri
picCilA	Stri
piYja	Pum
piYjara	Napumsaka
piYjala	Pum
piYjUza	Pum
piwa	Pum
piwaka	Pum
piWara	Napumsaka
piWara	Pum
piRqa	Napumsaka
piRqa	Pum
piRqaka	Pum
piRqagras	Pum
piRqaglas	Pum
piRqikA	Stri
piRqItaka	Pum
piRyAka	Pum
piRyAka	Napumsaka
pitAmaha	Pum
pitf	Pum
pitfdAna	Napumsaka
pitfpati	Pum
pitfpitf	Pum
pitfprasU	Stri
pitfvana	Napumsaka
pitfvya	Pum
pitta	Napumsaka
pitrya	Napumsaka
pitsat	Pum
piDAna	Napumsaka
pinAka	Pum
pinAka	Napumsaka
pinAkin	Pum
pipakz	Pum
pipaWiz	Pum
pipaWiz	Napumsaka
pipAsA	Stri
pippala	Pum
pippalI	Stri
pippalImUla	Napumsaka
piplu	Pum
piSaNga	Pum
piSAca	Pum
piSita	Napumsaka
piSuna	Napumsaka
piSunA	Stri
pizwaka	Pum
pizwapacana	Napumsaka
pizwAta	Pum
pIWa	Napumsaka
pIqana	Napumsaka
pIqA	Stri
pIta	Pum
pItadAru	Napumsaka
pItadru	Pum
pItana	Napumsaka
pItana	Pum
pItasAraka	Pum
pItA	Stri
pItAmbara	Pum
pInasa	Pum
pInoDnI	Stri
pIyUza	Napumsaka
pIlu	Pum
pIlu	Napumsaka
pIluparRI	Stri
pIvan	Pum
pIvan	Napumsaka
pIvarastanI	Stri
pukkasa	Pum
pucCa	Pum
pucCa	Napumsaka
puYja	Pum
puwaBeda	Pum
puwaBedana	Napumsaka
puRqarIka	Napumsaka
puRqarIka	Pum
puRqarIkAkza	Pum
puRqra	Pum
puRqraka	Pum
puRya	Napumsaka
puRyaka	Napumsaka
puRyajana	Pum
puRyaBUmi	Pum
puRyavat	Pum
puRyavat	Napumsaka
puttikA	Stri
putra	Pum
putrikA	Stri
putrI	Stri
punarnavA	Stri
punarBava	Pum
punarBU	Pum
punarBU	Stri
puMnAga	Pum
punDvaja	Pum
pums	Pum
pura	Napumsaka
pura	Pum
puradvAra	Napumsaka
purandara	Pum
puranDrI	Stri
puraHsara	Pum
purARapuruza	Pum
purAvftta	Napumsaka
purI	Stri
purItat	Pum
purItat	Napumsaka
purIza	Napumsaka
puru	Pum
puru	Napumsaka
puruza	Pum
puruzottama	Pum
puruhUta	Pum
puroga	Pum
purogama	Pum
purogAmin	Pum
puroDas	Pum
puroBAgin	Pum
puroBAgin	Napumsaka
purohita	Pum
pur	Stri
pulAka	Pum
pulina	Napumsaka
pulinda	Pum
pulomajA	Stri
puMScalI	Stri
puzkara	Napumsaka
puzkarAhva	Pum
puzkariRI	Stri
puzpa	Napumsaka
puzpaka	Pum
puzpaka	Napumsaka
puzpaketu	Napumsaka
puzpadanta	Pum
puzpaDanvan	Pum
puzpaPala	Pum
puzparasa	Pum
puzpalih	Pum
puzpavatI	Stri
puzpavat	Pum
puzpasamaya	Pum
puzya	Pum
puzyaraTa	Pum
pusta	Napumsaka
pU	Stri
pUga	Pum
pUjA	Stri
pUjya	Pum
pUta	Pum
pUtanA	Stri
pUtika	Pum
pUtikaraja	Pum
pUtikAzWa	Napumsaka
pUtiganDi	Pum
pUtiPalI	Stri
pUpa	Pum
pUraRI	Stri
pUruza	Pum
pUrRakumBa	Pum
pUrRimA	Stri
pUrta	Napumsaka
pUrva	Pum
pUrva	Napumsaka
pUrva	Pum
pUrvaja	Pum
pUrvadakziRA	Stri
pUrvadeva	Pum
pUrvapara	Pum
pUrvapara	Napumsaka
pUrvaparvata	Pum
pUrvA	Stri
pUrvottarA	Stri
pUzan	Pum
pfkti	Stri
pfcCA	Stri
pftanA	Stri
pfTakparRI	Stri
pfTagAtmatA	Stri
pfTagjana	Pum
pfTivI	Stri
pfTu	Pum
pfTu	Napumsaka
pfTuka	Pum
pfTuroman	Pum
pfTvI	Stri
pfTvIkA	Stri
pfdAku	Pum
pfSni	Pum
pfSniparRI	Stri
pfzata	Pum
pfzat	Pum
pfzatka	Pum
pfzadaSva	Pum
pfzadAjya	Napumsaka
pfzWa	Napumsaka
pfzWya	Napumsaka
pfzWya	Pum
pecaka	Pum
pewaka	Pum
pewA	Stri
peSala	Pum
peSI	Stri
pEtfzvaseya	Pum
pEtfzvasrIya	Pum
pEtra	Pum
powagala	Pum
powA	Stri
pota	Pum
potavaRij	Pum
potavAha	Pum
potADAna	Napumsaka
potf	Pum
potra	Napumsaka
potrin	Pum
pORqarya	Napumsaka
pOtrI	Stri
pOra	Napumsaka
pOrogava	Pum
pOrRamAsa	Pum
pOrRamAsI	Stri
pOlastya	Pum
pOli	Pum
pOza	Pum
pOzI	Stri
pOzkara	Napumsaka
pOzpaka	Napumsaka
prakampana	Pum
prakARqa	Pum
prakARqa	Napumsaka
prakAra	Pum
prakASa	Pum
prakIrRaka	Napumsaka
prakIrya	Pum
prakfti	Stri
prakozWa	Pum
prakrama	Pum
prakriyA	Stri
prakvaRa	Pum
prakvARa	Pum
prakzveqana	Pum
pragaRqa	Pum
pragatajAnuka	Pum
pragAQa	Napumsaka
pragraha	Pum
pragrAha	Pum
praGaRa	Pum
praGARa	Pum
pracakra	Napumsaka
pracetas	Pum
pracodanI	Stri
pracCadapawa	Pum
pracCanna	Napumsaka
pracCardikA	Stri
prajana	Pum
prajavin	Pum
prajA	Stri
prajAtA	Stri
prajApati	Pum
prajAvatI	Stri
prajYA	Stri
prajYAna	Napumsaka
prajYu	Pum
praqIna	Napumsaka
praRaya	Pum
praRava	Pum
praRAda	Pum
praRAlI	Pum
praRAlI	Stri
praRiDAna	Napumsaka
praRiDi	Pum
praRIta	Pum
pratala	Pum
pratApa	Pum
pratApasa	Pum
pratikarman	Napumsaka
pratikfti	Stri
pratiKyAti	Stri
pratigraha	Pum
pratigrAha	Pum
pratiGa	Pum
pratiGAtana	Napumsaka
praticCAyA	Stri
pratijAgara	Pum
pratijYAna	Napumsaka
pratidAna	Napumsaka
pratidivan	Pum
pratiDvAna	Pum
pratiniDi	Pum
pratipad	Stri
pratipAdana	Napumsaka
pratibanDa	Pum
pratibimba	Napumsaka
pratiBU	Pum
pratimA	Stri
pratimAna	Napumsaka
pratiyatna	Pum
pratiyAtanA	Stri
pratiroDin	Pum
prativAkya	Napumsaka
prativizA	Stri
pratiSAsana	Napumsaka
pratiSyAya	Pum
pratiSraya	Pum
pratiSrava	Pum
pratiSrut	Stri
pratisara	Pum
pratisara	Napumsaka
pratisIrA	Stri
pratihAraka	Pum
pratihAsa	Pum
pratIka	Pum
pratIkAra	Pum
pratIcI	Stri
pratIpadarSinI	Stri
pratIra	Napumsaka
pratIhAra	Pum
pratIhArI	Stri
pratolI	Stri
pratyakparRI	Stri
pratyakSreRI	Stri
pratyac	Pum
pratyanta	Pum
pratyantaparvata	Pum
pratyaya	Pum
pratyarTin	Pum
pratyAKyAna	Napumsaka
pratyAdeSa	Pum
pratyAlIQa	Napumsaka
pratyAsAra	Pum
pratyAhAra	Pum
pratyutkrama	Pum
pratyuzas	Napumsaka
pratyUza	Pum
pratyUha	Pum
pratyeka	Pum
praTama	Pum
praTama	Napumsaka
praTA	Stri
praTiman	Pum
pradara	Pum
pradIpa	Pum
pradIpana	Pum
pradeSana	Napumsaka
pradeSinI	Stri
pradoza	Pum
pradyumna	Pum
pradyo	Napumsaka
pradyotana	Pum
pradrAva	Pum
praDana	Napumsaka
praDAna	Napumsaka
praDi	Pum
praDI	Pum
praDI	Pum
praDI	Stri
praDI	Stri
praDI	Napumsaka
prapaYca	Pum
prapada	Napumsaka
prapA	Stri
prapAta	Pum
prapitAmaha	Pum
prapunnAwa	Pum
prapORqarIka	Napumsaka
prabanDakalpanA	Stri
praboDana	Napumsaka
praBaYjana	Pum
praBava	Pum
praBA	Stri
praBAkara	Pum
praBAta	Napumsaka
praBAva	Pum
praBinna	Pum
praBu	Pum
praBeda	Pum
praBrazwaka	Napumsaka
pramaTa	Pum
pramaTana	Napumsaka
pramaTADipa	Pum
pramada	Pum
pramadavana	Napumsaka
pramadA	Stri
pramanas	Pum
pramanas	Napumsaka
pramA	Stri
pramARa	Napumsaka
pramAtAmaha	Pum
pramAda	Pum
pramApaRa	Napumsaka
pramiti	Stri
pramIlA	Stri
pramoda	Pum
prayata	Pum
prayAma	Pum
prayogArTa	Pum
prarE	Napumsaka
pralambaGna	Pum
pralaya	Pum
pralApa	Pum
pravaRa	Pum
pravayas	Pum
pravaha	Pum
pravahaRa	Napumsaka
pravahlikA	Stri
pravAraRa	Napumsaka
pravAla	Pum
pravAla	Napumsaka
pravAsana	Napumsaka
pravAsin	Pum
pravAha	Pum
pravidAraRa	Napumsaka
praviSleza	Pum
pravizwamBa	Pum
pravftti	Stri
praveRi	Stri
praveRI	Stri
pravezwa	Pum
praSAm	Pum
praSAstf	Pum
praSna	Pum
praSraya	Pum
prazWa	Pum
prazWavAh	Pum
prazWOhI	Stri
prasannatA	Stri
prasannA	Stri
prasaBa	Napumsaka
prasara	Pum
prasaraRa	Napumsaka
prasava	Pum
prasavabanDana	Napumsaka
prasAda	Pum
prasADana	Napumsaka
prasADanI	Stri
prasAriRI	Stri
prasArin	Pum
prasArin	Napumsaka
prasiti	Stri
prasU	Stri
prasUtA	Stri
prasUti	Stri
prasUtikA	Stri
prasUtija	Napumsaka
prasUna	Napumsaka
prasftA	Stri
prasfti	Stri
praseva	Pum
prasevaka	Pum
prastara	Pum
prastAva	Pum
prastItI	Pum
prastImI	Pum
prasTa	Pum
prasTa	Napumsaka
prasTapuzpa	Pum
prasTAna	Napumsaka
prasPowana	Napumsaka
prasravaRa	Napumsaka
prasrAva	Pum
prahara	Pum
praharaRa	Napumsaka
prahasta	Pum
prahi	Pum
prahelikA	Stri
prAkAmya	Napumsaka
prAkAra	Pum
prAkfta	Pum
prAgvaMSa	Pum
prAGURaka	Pum
prAGUrRika	Pum
prAcI	Stri
prAcIna	Napumsaka
prAcInA	Stri
prAcInAvIta	Napumsaka
prAcetas	Pum
prAc	Pum
prAcya	Pum
prAjana	Napumsaka
prAjitf	Pum
prAjYa	Pum
prAjYA	Stri
prAjYI	Stri
prAqvivAka	Pum
prARa	Pum
prARin	Pum
prARivftta	Napumsaka
prATamakalpika	Pum
prAdi	Pum
prAdeSa	Pum
prAdeSana	Napumsaka
prADAra	Pum
prAnc	Pum
prAntara	Napumsaka
prApti	Stri
prABfta	Napumsaka
prAya	Pum
prAlamba	Napumsaka
prAlambikA	Stri
prAleya	Napumsaka
prAvAra	Pum
prAvfzAyaRI	Stri
prAvfz	Stri
prAMSu	Pum
prAMSu	Napumsaka
prAsa	Pum
prAsaNga	Pum
prAsaNgya	Pum
prAsika	Pum
prAhRa	Pum
priya	Pum
priyaka	Pum
priyakrozwu	Napumsaka
priyaNgu	Stri
priyacatur	Pum
priyatA	Stri
priyatri	Pum
priyatri	Pum
priyatri	Stri
priyatri	Stri
priyatri	Napumsaka
priyadvi	Pum
priyapaYcan	Pum
priyaviSva	Pum
priyaviSva	Napumsaka
priyaviSvA	Stri
priyazaz	Pum
priyasarva	Pum
priyAla	Pum
priyAzwan	Pum
prIRana	Napumsaka
prIti	Stri
prekzA	Stri
preNKA	Stri
preta	Pum
preman	Pum
preman	Napumsaka
preyas	Pum
prEyaNgavIRa	Napumsaka
prEza	Pum
prEzya	Pum
prokzaRa	Napumsaka
proTa	Pum
proTa	Napumsaka
prozWapadA	Stri
prozWI	Pum
prozWI	Stri
prOzWapada	Pum
plakza	Pum
plava	Napumsaka
plava	Pum
plavaga	Pum
plavaNga	Pum
plavaNgama	Pum
plAkza	Napumsaka
plIhan	Pum
plIhaSatru	Pum
pluta	Napumsaka
ploza	Pum
PaRaDara	Pum
PaRA	Stri
PaRijjaka	Pum
PaRin	Pum
Pala	Napumsaka
Palaka	Pum
Palaka	Napumsaka
PalakapARi	Pum
Palatrika	Napumsaka
PalapUra	Pum
Palavat	Pum
Palavat	Napumsaka
PalADyakza	Pum
PalinI	Stri
Palin	Pum
Palin	Napumsaka
PalI	Stri
Palegrahi	Stri
Palegrahi	Pum
Palegrahi	Napumsaka
PaleruhA	Stri
Palgu	Napumsaka
Palgu	Pum
Palgu	Napumsaka
PARita	Napumsaka
PAla	Pum
PAlguna	Pum
PAlgunika	Pum
Pena	Pum
Penila	Pum
Perava	Pum
Peru	Pum
PelA	Stri
baka	Pum
bakula	Pum
baqiSa	Napumsaka
badara	Napumsaka
badarA	Stri
badarI	Stri
baDira	Pum
banDakI	Stri
banDana	Napumsaka
banDanAlaya	Pum
banDastamBa	Pum
banDu	Pum
banDujIvaka	Pum
banDutA	Stri
banDula	Pum
banDUka	Pum
banDUkapuzpa	Pum
baBUvas	Pum
baBru	Pum
baBru	Napumsaka
barbara	Pum
barbarA	Stri
barha	Pum
barha	Napumsaka
barhapuzpa	Napumsaka
barhi	Pum
barhiRa	Pum
barhin	Pum
barhirmuKa	Pum
barhizWa	Napumsaka
bala	Napumsaka
bala	Pum
baladeva	Pum
balaBadra	Pum
balaBadrikA	Stri
balavat	Pum
balavinyAsa	Pum
balaSAlin	Pum
balA	Stri
balAkA	Stri
balAtkAra	Pum
balArAti	Pum
balAhaka	Pum
bali	Pum
bali	Stri
baliDvaMsin	Pum
balipuzwa	Pum
baliBuj	Pum
balisadman	Napumsaka
balIyas	Pum
balIvarda	Pum
ballava	Pum
balvaja	Pum
balhIka	Napumsaka
bazkayaRI	Stri
basti	Pum
basti	Stri
bahirdvAra	Napumsaka
bahu	Napumsaka
bahugarhyavAc	Pum
bahugarhyavAc	Napumsaka
bahupAd	Pum
bahupUzan	Napumsaka
bahumUlya	Napumsaka
bahurUpa	Pum
bahulA	Stri
bahuvAraka	Pum
bahuvftrahan	Napumsaka
bahuSreyasI	Pum
bahusaKi	Pum
bahusaKi	Pum
bahusutA	Stri
bahusUti	Stri
bahUrj	Napumsaka
bahvaryaman	Napumsaka
bAkucI	Stri
bAQa	Napumsaka
bARa	Pum
bARA	Stri
bADA	Stri
bAnDakineya	Pum
bAnDava	Pum
bArhata	Napumsaka
bAla	Pum
bAla	Napumsaka
bAlagarBiRI	Stri
bAlatanaya	Pum
bAlatfRa	Napumsaka
bAlapASyA	Stri
bAlamUzikA	Stri
bAlA	Stri
bAliSa	Pum
bAleyaSAka	Pum
bAlya	Napumsaka
bAzpa	Pum
bAzpikA	Stri
bAsteya	Pum
bAhu	Pum
bAhu	Stri
bAhuja	Pum
bAhudA	Stri
bAhumUla	Napumsaka
bAhuyudDa	Napumsaka
bAhula	Pum
bAhuleya	Pum
bAhlika	Pum
bAhlIka	Napumsaka
biqa	Napumsaka
biqAla	Pum
biqOjas	Pum
bindu	Pum
bindujAlaka	Napumsaka
bibboka	Pum
bimba	Pum
bimba	Napumsaka
bimbikA	Stri
bila	Napumsaka
bileSaya	Pum
bilva	Pum
bisa	Napumsaka
bisakaRWikA	Stri
bisaprasUna	Napumsaka
bisinI	Stri
bIja	Napumsaka
bIjakoSa	Pum
bIjapUra	Pum
bIjAkfta	Napumsaka
bIjya	Pum
bIBatsa	Pum
buka	Pum
bukkA	Stri
budDa	Pum
budDi	Stri
budDimat	Pum
budDiSAlin	Pum
buDa	Pum
buD	Pum
buDna	Pum
buBukzA	Stri
busa	Napumsaka
bfhatikA	Stri
bfhatI	Stri
bfhat	Napumsaka
bfhat	Pum
bfhatkukzi	Pum
bfhadBAnu	Pum
bfhaspati	Pum
bfMhita	Napumsaka
beBid	Napumsaka
boDakara	Pum
boDidruma	Pum
bola	Pum
braDna	Pum
bramhI	Stri
brahmacArin	Pum
brahmaRya	Pum
brahmatva	Napumsaka
brahmadarBA	Stri
brahmadAru	Napumsaka
brahman	Pum
brahman	Napumsaka
brahmaputra	Pum
brahmabanDu	Pum
brahmabanDu	Napumsaka
brahmabindu	Pum
brahmaBUya	Napumsaka
brahmavarcasa	Napumsaka
brahmavAdin	Pum
brahmasAyujya	Napumsaka
brahmasU	Pum
brahmAYjali	Pum
brahmAsana	Napumsaka
brAhma	Napumsaka
brAhma	Pum
brAhmaRa	Pum
brAhmaRayazwikA	Stri
brAhmaRI	Stri
brAhmaRya	Napumsaka
brAhmI	Stri
bruvat	Pum
Ba	Napumsaka
Bakta	Napumsaka
Bakti	Stri
Baga	Napumsaka
Baga	Pum
Bagandara	Pum
Bagavat	Pum
BaginI	Stri
BaNga	Pum
BaNgA	Stri
BaNgya	Napumsaka
Bawa	Pum
BawwAraka	Pum
BawwinI	Stri
BaRqAkI	Stri
BaRqila	Pum
BaRqI	Stri
BaRqIrI	Stri
Badra	Napumsaka
Badra	Pum
BadrakumBa	Pum
BadradAru	Pum
BadradAru	Napumsaka
BadraparRI	Stri
BadrabalA	Stri
Badramustaka	Pum
Badrayava	Napumsaka
BadraSrI	Stri
BadrAkaraRa	Napumsaka
BadrAsana	Napumsaka
Baya	Napumsaka
BayAnaka	Pum
Bara	Pum
BaraRa	Napumsaka
BaraRya	Napumsaka
BaraRyaBuj	Pum
BaraRyaBuj	Napumsaka
Barata	Pum
BaradvAja	Pum
Barga	Pum
Bartf	Pum
BartfdAraka	Pum
BartfdArikA	Stri
Bartsana	Napumsaka
Barman	Napumsaka
Balla	Pum
BallAtakI	Pum
Balluka	Pum
Bava	Pum
BavatI	Stri
Bavat	Pum
Bavat	Pum
Bavana	Napumsaka
BavAdfS	Pum
BavAnI	Stri
Bavika	Napumsaka
Bavitf	Pum
Bavitf	Napumsaka
BavizRu	Pum
BavizRu	Napumsaka
Bavya	Napumsaka
Bazaka	Pum
Basita	Napumsaka
BastrA	Stri
BasmaganDinI	Stri
BasmagarBA	Stri
Basman	Napumsaka
BA	Stri
BAga	Pum
BAgaDeya	Napumsaka
BAgaDeya	Pum
BAgineya	Pum
BAgin	Pum
BAgIraTI	Stri
BAgya	Napumsaka
BAjana	Napumsaka
BARqa	Napumsaka
BAt	Napumsaka
BAdra	Pum
BAdrapada	Pum
BAdrapadA	Stri
BAnu	Pum
BAnuja	Pum
BAminI	Stri
BAra	Pum
BAratI	Stri
BAradvAjI	Stri
BArayazwi	Stri
BAravAha	Pum
BArika	Pum
BArgava	Pum
BArgavI	Stri
BArgI	Stri
BAryA	Stri
BAryApati	Pum
BAlUka	Pum
BAva	Pum
BAvanA	Stri
BAvin	Pum
BAvuka	Napumsaka
BAzA	Stri
BAzita	Napumsaka
BAs	Stri
BAskara	Pum
BAsvat	Pum
BikzA	Stri
Bikzu	Pum
Bitta	Napumsaka
Bitti	Stri
Bidura	Napumsaka
Bid	Stri
BindipAla	Pum
Bizaj	Pum
BissawA	Stri
BissA	Stri
BI	Stri
BIti	Stri
BIma	Pum
BIru	Stri
BIru	Pum
BIru	Napumsaka
BIrupatrI	Stri
BIzmasU	Stri
BuktasamujJita	Napumsaka
Buja	Pum
Bujaga	Pum
BujaNga	Pum
BujaNgaBuj	Pum
BujaNgama	Pum
BujaNgAkzI	Stri
BujaSiras	Napumsaka
BujAntara	Napumsaka
Bujizya	Pum
Buvana	Napumsaka
BU	Stri
BUta	Napumsaka
BUtakeSa	Pum
BUtaDAtrI	Stri
BUtaveSI	Stri
BUtAtman	Pum
BUtAvAsa	Pum
BUti	Stri
BUtika	Napumsaka
BUteSa	Pum
BUdAra	Pum
BUdeva	Pum
BUnimba	Pum
BUpa	Pum
BUpati	Pum
BUpadI	Stri
BUBuj	Pum
BUBft	Pum
BUman	Pum
BUmi	Stri
BUmijambukA	Stri
BUmispfS	Pum
BUyas	Pum
BUri	Napumsaka
BUri	Pum
BUri	Stri
BUriPenA	Stri
BUrimAya	Pum
BUruRqI	Stri
BUrja	Pum
BUzA	Stri
BUzRu	Pum
BUzRu	Napumsaka
BUstfRa	Napumsaka
Bfgu	Pum
BfNga	Napumsaka
BfNga	Pum
BfNgarAja	Pum
BfNgAra	Pum
BfNgArI	Stri
BfNgin	Pum
Bftaka	Pum
Bfti	Stri
BftiBuj	Pum
Bftya	Pum
BftyA	Stri
BfSa	Napumsaka
Bfzwayava	Pum
Bfsj	Pum
Beka	Pum
BekI	Stri
Beda	Pum
BedyagAmin	Pum
BerI	Stri
Bezaja	Napumsaka
BEkza	Napumsaka
BEzajya	Napumsaka
Boktf	Pum
Boga	Pum
BogaDara	Pum
BogavatI	Stri
BoginI	Stri
Bogin	Pum
Bojana	Napumsaka
BOma	Pum
BOrika	Pum
Brakuwi	Stri
BrakuMsa	Pum
Brama	Pum
Bramara	Pum
Bramaraka	Pum
Brami	Stri
BrAjizRu	Pum
BrAjizRu	Napumsaka
BrAtf	Pum
BrAtfja	Pum
BrAtfjAyA	Stri
BrAtfBaginI	Stri
BrAtfvya	Pum
BrAtrIya	Pum
BrAnti	Stri
BrAzwra	Pum
Brukuwi	Stri
BrukuMsa	Pum
BrU	Stri
BrUkuwi	Stri
BrUkuMsa	Pum
BrURa	Pum
Breza	Pum
makara	Pum
makaraDvaja	Pum
makaranda	Pum
makuzWaka	Pum
makUlaka	Pum
makzikA	Stri
maKa	Pum
magaDa	Pum
maGavan	Pum
maNgala	Napumsaka
maNgalyaka	Pum
macarcikA	Stri
majjan	Pum
maYca	Pum
maYjari	Stri
maYjizWA	Stri
maYjIra	Pum
maYjIra	Napumsaka
maYju	Pum
maYju	Napumsaka
maYjuGozA	Stri
maYjUzA	Stri
maWa	Pum
maqqu	Pum
maRi	Pum
maRi	Stri
maRika	Pum
maRita	Napumsaka
maRqa	Pum
maRqa	Napumsaka
maRqana	Napumsaka
maRqapa	Pum
maRqapa	Napumsaka
maRqala	Napumsaka
maRqalaka	Napumsaka
maRqalAgra	Pum
maRqaleSvara	Pum
maRqahAraka	Pum
maRqUka	Pum
maRqUkaparRa	Pum
maRqUkaparRI	Stri
maRqUra	Napumsaka
mataNgaja	Pum
matallikA	Stri
mati	Stri
matta	Pum
mattakASinI	Stri
matsara	Pum
matsya	Pum
matsyanqI	Stri
matsyapittA	Stri
matsyaveDana	Napumsaka
matsyAkzI	Stri
matsyADAnI	Stri
maTin	Pum
mada	Pum
madakala	Pum
madana	Pum
madasTAna	Napumsaka
madirA	Stri
madirAgfha	Napumsaka
madotkawa	Pum
madgu	Pum
madgura	Pum
madya	Napumsaka
maDu	Napumsaka
maDu	Pum
maDuka	Napumsaka
maDukara	Pum
maDukrama	Pum
maDudruma	Pum
maDupa	Pum
maDuparRikA	Stri
maDuparRI	Stri
maDupA	Pum
maDumakzikA	Stri
maDuyazwikA	Stri
maDura	Pum
maDuraka	Pum
maDurasA	Stri
maDurA	Stri
maDurikA	Stri
maDuripu	Pum
maDuriman	Pum
maDulih	Pum
maDuvAra	Pum
maDuvrata	Pum
maDuSigru	Pum
maDuSreRI	Stri
maDuzWIla	Pum
maDusravA	Stri
maDUka	Pum
maDUcCizwa	Napumsaka
maDUlaka	Pum
maDUlikA	Stri
maDya	Pum
maDya	Napumsaka
maDyadeSa	Pum
maDyama	Pum
maDyama	Napumsaka
maDyamA	Stri
maDyAhna	Pum
maDvAsava	Pum
manaHSilA	Stri
manasija	Pum
manas	Napumsaka
manaskAra	Pum
manasvin	Pum
manIzA	Stri
manIzin	Pum
manuja	Pum
manuzya	Pum
manuzyaDarman	Pum
manoguptA	Stri
manoraTa	Pum
manohArin	Napumsaka
manohvA	Stri
mantu	Pum
mantf	Pum
mantra	Pum
mantrajA	Stri
mantravyAKyAkft	Pum
mantrin	Pum
manTa	Pum
manTadaRqaka	Pum
manTanI	Stri
manTara	Pum
manTAna	Pum
manda	Pum
mandagAmin	Pum
mandaDI	Pum
mandAkinI	Stri
mandAkza	Napumsaka
mandAra	Pum
mandira	Napumsaka
mandurA	Stri
mandozRa	Napumsaka
mandra	Pum
manmaTa	Pum
manyA	Stri
manyu	Pum
manvantara	Napumsaka
maya	Pum
mayu	Pum
mayuzWaka	Pum
mayUKa	Pum
mayUra	Pum
mayUraka	Napumsaka
mayUraka	Pum
marakata	Napumsaka
maraRa	Napumsaka
marIca	Napumsaka
marIci	Pum
marIci	Stri
marIcikA	Stri
marIcI	Stri
maru	Pum
marut	Pum
marutvat	Pum
marunmAlA	Stri
marubaka	Pum
markawa	Pum
markawaka	Pum
markawI	Stri
martya	Pum
mardana	Napumsaka
mardala	Pum
marman	Napumsaka
marmara	Pum
marmaspfS	Pum
marmaspfS	Napumsaka
maryAdA	Stri
mala	Pum
mala	Napumsaka
malapU	Stri
malayaja	Pum
malinI	Stri
malimluca	Pum
mallikA	Stri
mallikAkza	Pum
malliganDi	Napumsaka
masUra	Pum
masUravidalA	Stri
maskara	Pum
maskarin	Pum
mastaka	Pum
mastaka	Napumsaka
mastizka	Napumsaka
mastu	Napumsaka
maha	Pum
mahatI	Stri
mahat	Pum
mahat	Napumsaka
mahas	Napumsaka
mahAkanda	Pum
mahAkula	Pum
mahANga	Pum
mahAjAlin	Stri
mahAdeva	Pum
mahADana	Napumsaka
mahAnawa	Pum
mahAnasa	Napumsaka
mahApadma	Pum
mahAbila	Napumsaka
mahAmAtra	Pum
mahArajata	Napumsaka
mahArajana	Napumsaka
mahAraRya	Napumsaka
mahArAjika	Pum
mahArOrava	Pum
mahAvAta	Pum
mahASUdrI	Stri
mahASvetA	Stri
mahAsahA	Stri
mahAsena	Pum
mahiman	Pum
mahilA	Stri
mahilAhvayA	Stri
mahiza	Pum
mahizI	Stri
mahI	Stri
mahIkzit	Pum
mahIDra	Pum
mahIBuj	Pum
mahIyas	Pum
mahIruha	Pum
mahIlatA	Stri
mahIsuta	Pum
mahIsUnu	Pum
maheraRA	Stri
maheSvara	Pum
mahokza	Pum
mahotpala	Napumsaka
mahOzaDa	Napumsaka
mA	Stri
mAkzika	Napumsaka
mAgaDa	Pum
mAgaDI	Stri
mAGa	Pum
mAWara	Pum
mARavaka	Pum
mARavya	Napumsaka
mARimanTa	Napumsaka
mAtaNga	Pum
mAtariSvan	Pum
mAtali	Pum
mAtAmaha	Pum
mAtula	Pum
mAtulaputraka	Pum
mAtulAnI	Stri
mAtulAhi	Pum
mAtulI	Stri
mAtuluNgaka	Pum
mAtf	Stri
mAtfzvasf	Stri
mAtra	Napumsaka
mAtrA	Stri
mAda	Pum
mAdfS	Pum
mADava	Pum
mADavaka	Pum
mADavI	Stri
mADya	Pum
mADya	Napumsaka
mAna	Pum
mAnava	Pum
mAnasa	Napumsaka
mAnasOkas	Pum
mAninI	Stri
mAnin	Pum
mAnuza	Pum
mAnuzyaka	Napumsaka
mAyA	Stri
mAyAkAra	Pum
mAyAdevIsuta	Pum
mAyu	Pum
mAyUra	Napumsaka
mAra	Pum
mArajit	Pum
mAraRa	Napumsaka
mAriza	Pum
mAruta	Pum
mArkava	Pum
mArga	Pum
mArgaRa	Napumsaka
mArgaRa	Pum
mArgaSIrza	Pum
mArjana	Pum
mArjanA	Stri
mArjAra	Pum
mArjitA	Stri
mArtaRqa	Pum
mArdaNgika	Pum
mArdvIka	Napumsaka
mArzwi	Stri
mAlaka	Pum
mAlatI	Stri
mAlA	Stri
mAlAkAra	Pum
mAlAtfRaka	Napumsaka
mAlika	Pum
mAluDAna	Pum
mAlUra	Pum
mAlya	Napumsaka
mAlyavat	Pum
mAzaparRI	Stri
mAzya	Napumsaka
mAsa	Pum
mAMsa	Napumsaka
mAsapUrva	Pum
mAsapUrva	Napumsaka
mAsara	Pum
mAMsala	Pum
mAMsika	Pum
mAMsI	Stri
mAhiza	Pum
mAheyI	Stri
mAheSvarI	Stri
mitra	Napumsaka
mitra	Pum
miTuna	Napumsaka
miTyAdfzwi	Stri
miTyABiyoga	Pum
miTyABiSaMsana	Napumsaka
miTyAmati	Stri
miSreya	Pum
misi	Stri
misI	Stri
mihikA	Stri
mihira	Pum
mIna	Pum
mInaketana	Pum
mukuwa	Napumsaka
mukunda	Pum
mukura	Pum
mukula	Pum
mukula	Napumsaka
muktakaYcuka	Pum
muktA	Stri
muktAvalI	Stri
muktAsPowa	Pum
mukti	Stri
muKa	Napumsaka
muKaDmA	Pum
muKya	Pum
muRqa	Pum
muRqana	Napumsaka
muRqita	Pum
muRqin	Pum
mudira	Pum
mud	Stri
mudgaparRI	Stri
mudgara	Pum
muni	Pum
munIndra	Pum
muraja	Pum
muramardana	Pum
murA	Stri
murAri	Pum
muzka	Pum
muzkaka	Pum
muzwibanDa	Pum
musala	Pum
musala	Napumsaka
musalin	Pum
musalI	Stri
mustaka	Pum
mustaka	Napumsaka
mustA	Stri
muhurBAzA	Stri
muhUrta	Pum
muhUrta	Napumsaka
muh	Pum
mUtra	Napumsaka
mUtrakfcCra	Napumsaka
mUrCA	Stri
mUrti	Stri
mUrtimat	Pum
mUrtimat	Napumsaka
mUrDan	Pum
mUrDABizikta	Pum
mUrvA	Stri
mUla	Napumsaka
mUlaka	Pum
mUlaka	Napumsaka
mUlakarman	Napumsaka
mUlaDana	Napumsaka
mUlanagara	Napumsaka
mUlya	Napumsaka
mUzaka	Pum
mUzA	Stri
mUzikaparRI	Stri
mfga	Pum
mfgaRA	Stri
mfgatfzRA	Stri
mfgadaMSaka	Pum
mfgadfzwi	Pum
mfgadviz	Pum
mfgaDUrtaka	Pum
mfganABi	Pum
mfgabanDanI	Stri
mfgamada	Pum
mfgayA	Stri
mfgayu	Pum
mfgaripu	Pum
mfgavaDAjIva	Pum
mfgavya	Napumsaka
mfgaSiras	Napumsaka
mfgaSIrza	Napumsaka
mfgANka	Pum
mfgAdana	Pum
mfgASana	Pum
mfgendra	Pum
mfjA	Stri
mfqa	Pum
mfqAnI	Stri
mfRAla	Pum
mfRAla	Napumsaka
mfta	Napumsaka
mfttAlaka	Napumsaka
mfttikA	Stri
mftyu	Pum
mftyu	Stri
mftyuYjaya	Pum
mftsA	Stri
mftsnA	Stri
mfdaNga	Pum
mfdu	Pum
mfdu	Napumsaka
mfdutvac	Pum
mfd	Stri
mfdvIkA	Stri
mfDa	Napumsaka
meKalakanyakA	Stri
meKalA	Stri
meGa	Pum
meGacCanna	Napumsaka
meGajyoti	Pum
meGanAdAnulAsin	Pum
meGanAman	Pum
meGanirGoza	Pum
meGapuzpa	Napumsaka
meGamAlA	Stri
meGavAhana	Pum
meGADvan	Pum
mecaka	Pum
meQra	Pum
medaka	Pum
medas	Napumsaka
medinI	Stri
meDA	Stri
meDAvin	Pum
meDi	Pum
menakA	Stri
menakAtmajA	Stri
meru	Pum
melaka	Pum
meza	Pum
mezakambala	Pum
meha	Pum
mehana	Napumsaka
mEtrAvaruRi	Pum
mEtreya	Pum
mETuna	Napumsaka
mEreya	Napumsaka
mokza	Pum
mocaka	Pum
mocA	Stri
morawa	Napumsaka
morawA	Stri
morvI	Stri
mozaka	Pum
moha	Pum
mOkali	Pum
mOktika	Napumsaka
mOna	Napumsaka
mOrajika	Pum
mOli	Stri
mOli	Pum
mOli	Napumsaka
mOhUrta	Pum
mOhUrtika	Pum
mrakzaRa	Napumsaka
mlecCadeSa	Pum
mlecCamuKa	Napumsaka
yakft	Napumsaka
yakza	Pum
yakzakardama	Pum
yakzaDUpa	Pum
yakzarAj	Pum
yakzman	Pum
yacCat	Pum
yajamAna	Pum
yajYa	Pum
yajYapuruza	Pum
yajYasUtra	Napumsaka
yajYANga	Pum
yajvan	Pum
yatama	Pum
yatama	Napumsaka
yatamA	Stri
yatara	Pum
yatara	Napumsaka
yatarA	Stri
yati	Pum
yatin	Pum
yaTArhavarRa	Pum
yadfcCA	Stri
yad	Pum
yad	Stri
yad	Napumsaka
yantf	Pum
yantra	Napumsaka
yama	Pum
yamarAj	Pum
yamunA	Stri
yamunABrAtf	Pum
yayI	Pum
yayu	Pum
yava	Pum
yavakrI	Pum
yavakzAra	Pum
yavaPala	Pum
yavasa	Napumsaka
yavAgU	Stri
yavAgraja	Pum
yavAnikA	Stri
yavAsa	Pum
yavIya	Pum
yaSaHpawaha	Pum
yaSas	Napumsaka
yaSasvin	Pum
yazwimaDuka	Napumsaka
yazwf	Pum
yAga	Pum
yAcanA	Stri
yAcitaka	Napumsaka
yAjaka	Pum
yAYcA	Stri
yAtanA	Stri
yAtu	Napumsaka
yAtuDAna	Pum
yAtf	Stri
yAt	Pum
yAtrA	Stri
yAdaHpati	Pum
yAdasAmpati	Pum
yAdas	Napumsaka
yAdfS	Pum
yAna	Napumsaka
yAnamuKa	Napumsaka
yApyayAna	Napumsaka
yAma	Pum
yAminI	Stri
yAmuna	Napumsaka
yAyajUka	Pum
yAva	Pum
yAvaka	Pum
yAvat	Pum
yAvat	Napumsaka
yAvana	Pum
yAzwIka	Pum
yAsa	Pum
yAska	Pum
yuktarasA	Stri
yukti	Stri
yuga	Napumsaka
yuga	Pum
yugakIlaka	Pum
yuganDara	Pum
yugapatraka	Pum
yugapArSvaga	Pum
yugala	Napumsaka
yugma	Napumsaka
yugya	Napumsaka
yuj	Pum
yudDa	Napumsaka
yuD	Stri
yuvati	Stri
yuvatI	Stri
yuvan	Pum
yUTa	Pum
yUTa	Napumsaka
yUTanATa	Pum
yUTapa	Pum
yUTikA	Stri
yUpa	Pum
yUpakawaka	Pum
yUpAgra	Napumsaka
yUza	Pum
yoktra	Napumsaka
yoga	Pum
yogita	Pum
yogin	Pum
yogezwa	Napumsaka
yogya	Napumsaka
yojanavallI	Stri
yotra	Napumsaka
yodDf	Pum
yoDa	Pum
yoDasaMrAva	Pum
yoni	Stri
yoni	Pum
yozA	Stri
yozit	Stri
yOtava	Napumsaka
yOvata	Napumsaka
yOvana	Napumsaka
rakta	Napumsaka
rakta	Pum
raktaka	Pum
raktacandana	Napumsaka
raktapA	Stri
raktaPalA	Stri
raktasanDyaka	Napumsaka
raktasaroruha	Napumsaka
raktANga	Pum
raktiman	Pum
raktotpala	Napumsaka
rakzas	Napumsaka
rakzas	Pum
rakzA	Stri
rakzitf	Pum
rakzivarga	Pum
rakzRa	Pum
raNku	Pum
raNga	Napumsaka
raNgAjIva	Pum
racanA	Stri
racayitf	Pum
rajaka	Pum
rajata	Napumsaka
rajani	Stri
rajanI	Stri
rajanImuKa	Napumsaka
rajas	Napumsaka
rajasvalA	Stri
rajomUrtin	Pum
rajju	Stri
raYjana	Napumsaka
raYjanI	Stri
raRa	Pum
raRasaNkula	Napumsaka
raRqA	Stri
rata	Napumsaka
rati	Stri
ratipati	Pum
ratna	Napumsaka
ratnagarBA	Stri
ratnamuz	Pum
ratnasAnu	Pum
ratnAkara	Pum
ratni	Pum
ratni	Stri
raTa	Pum
raTakawyA	Stri
raTakAra	Pum
raTagupti	Stri
raTadru	Pum
raTavraja	Pum
raTANga	Napumsaka
raTANgAhvaya	Pum
raTika	Pum
raTin	Pum
raTira	Pum
raTya	Pum
raTyA	Stri
rada	Pum
radana	Pum
radanacCada	Pum
ranDra	Napumsaka
ramaRI	Stri
ramA	Stri
ramBA	Stri
raya	Pum
rallaka	Pum
rava	Pum
ravi	Pum
raSanA	Stri
raSmi	Pum
rasa	Pum
rasagarBa	Napumsaka
rasajYA	Stri
rasanA	Stri
rasavatI	Stri
rasA	Stri
rasAYjana	Napumsaka
rasAtala	Napumsaka
rasAla	Pum
rasAlA	Stri
rasita	Napumsaka
rasonaka	Pum
rahas	Napumsaka
raMhas	Napumsaka
rAkA	Stri
rAkzasa	Pum
rAkzasI	Stri
rAkzA	Stri
rAjaka	Napumsaka
rAjan	Pum
rAjanya	Pum
rAjanyaka	Napumsaka
rAjanvat	Pum
rAjanvat	Napumsaka
rAjabalA	Stri
rAjabIjin	Pum
rAjarAja	Pum
rAjavat	Pum
rAjavat	Napumsaka
rAjavaMSya	Pum
rAjavfkza	Pum
rAjasadana	Napumsaka
rAjahaMsa	Pum
rAjAdana	Pum
rAjAdana	Napumsaka
rAjArha	Napumsaka
rAjikA	Stri
rAjila	Pum
rAjIva	Napumsaka
rAjIva	Pum
rAj	Pum
rAjYI	Stri
rAjyANga	Napumsaka
rAtri	Stri
rAtricara	Pum
rAtriYcara	Pum
rAdDAnta	Pum
rADa	Pum
rADA	Stri
rAma	Pum
rAmaWa	Napumsaka
rAmA	Stri
rAmBa	Pum
rAla	Pum
rASi	Pum
rASi	Stri
rAzwra	Napumsaka
rAzwra	Pum
rAzwrikA	Stri
rAzwriya	Pum
rAsaBa	Pum
rAsnA	Stri
rAhu	Pum
rikTa	Napumsaka
riNKaRa	Napumsaka
riwi	Pum
ripu	Pum
rizwa	Napumsaka
rizwi	Pum
rIQA	Stri
rIti	Stri
rItipuzpa	Napumsaka
rukpratikriyA	Stri
rukpravAhikA	Stri
rukma	Napumsaka
rukmakAraka	Pum
rucaka	Napumsaka
rucaka	Pum
ruci	Stri
ruc	Stri
rujA	Stri
ruj	Stri
rudita	Napumsaka
rudra	Pum
rudrARI	Stri
ruDira	Napumsaka
runDat	Pum
rumA	Stri
ruru	Pum
ruSatI	Stri
ruz	Stri
ruhA	Stri
rUQi	Stri
rUpa	Napumsaka
rUpAjIvA	Stri
rUpya	Napumsaka
rUpyADyakza	Pum
recita	Napumsaka
reRu	Stri
reRu	Pum
reRukA	Stri
retas	Napumsaka
rePa	Pum
revatIramaRa	Pum
revA	Stri
rE	Pum
rE	Stri
roka	Napumsaka
roga	Pum
rogahArin	Pum
rogin	Pum
rocana	Pum
rocanI	Stri
rociz	Napumsaka
rocizRu	Pum
rocizRu	Napumsaka
rodana	Napumsaka
rodanI	Stri
rodasI	Stri
rodas	Napumsaka
roDa	Pum
roDovakrA	Stri
ropa	Pum
roman	Napumsaka
romaharzaRa	Napumsaka
romAYca	Pum
roza	Pum
rohiRI	Stri
rohita	Napumsaka
rohita	Pum
rohitaka	Pum
rohitASva	Pum
rohin	Pum
rOdra	Pum
rOmaka	Napumsaka
rOrava	Pum
rOhiReya	Pum
rOhiza	Napumsaka
rOhiza	Pum
lakuca	Pum
lakza	Napumsaka
lakzaRa	Napumsaka
lakzmaRa	Pum
lakzmaRA	Stri
lakzman	Napumsaka
lakzmI	Stri
lakzmIpati	Pum
lakzmIvat	Pum
lakzya	Napumsaka
lagna	Napumsaka
lagnaka	Pum
laGiman	Pum
laGIyas	Pum
laGu	Napumsaka
laGu	Pum
laGulaya	Napumsaka
laNkopikA	Stri
lajjA	Stri
latA	Stri
latArka	Pum
lapana	Napumsaka
lapita	Napumsaka
labDavarRa	Pum
lambana	Napumsaka
lambodara	Pum
laya	Pum
lalanA	Stri
lalantikA	Stri
lalAwa	Napumsaka
lalAwikA	Stri
lalAma	Napumsaka
lalAmaka	Napumsaka
lalita	Napumsaka
lava	Pum
lavaNga	Napumsaka
lavaRa	Pum
lavaRAkara	Pum
lavaRoda	Pum
lavana	Napumsaka
lavitra	Napumsaka
laSuna	Napumsaka
lastaka	Pum
lAkzA	Stri
lAkzAprasAdana	Pum
lANgala	Napumsaka
lANgaladaRqa	Pum
lANgalapadDati	Stri
lANgalikI	Stri
lANgalI	Stri
lANgUla	Napumsaka
lAja	Pum
lAYCana	Napumsaka
lABa	Pum
lAmajjaka	Napumsaka
lAlasA	Stri
lAlA	Stri
lAva	Pum
lAsikA	Stri
lAsya	Napumsaka
likuca	Pum
liKat	Pum
liNga	Napumsaka
liNgavftti	Pum
liNgin	Pum
lipi	Stri
lipikAra	Pum
lipsA	Stri
libi	Stri
lih	Pum
lIlA	Stri
luptavarRapada	Napumsaka
lubDaka	Pum
lulAya	Pum
lU	Pum
lUtA	Stri
lUnI	Pum
lUman	Napumsaka
leKa	Pum
leKaka	Pum
leKarzaBa	Pum
leKA	Stri
lepaka	Pum
lelihAna	Pum
leSa	Pum
lezwu	Pum
leha	Pum
loka	Pum
lokajananI	Stri
lokajit	Pum
lokabanDu	Pum
lokabAnDava	Pum
lokamAtf	Stri
lokAloka	Pum
lokeSa	Pum
locana	Napumsaka
locamastaka	Pum
loDra	Pum
lopAmudrA	Stri
loptra	Napumsaka
loBin	Pum
loman	Napumsaka
lomaSa	Pum
lozwa	Pum
lozwa	Napumsaka
lozwaBedana	Pum
loha	Napumsaka
loha	Pum
lohakAraka	Pum
lohapfzWa	Pum
lohABihAra	Pum
lohita	Napumsaka
lohita	Pum
lohitaka	Pum
lohitacandana	Napumsaka
lohitANga	Pum
lOkAyatika	Pum
vaktf	Pum
vaktra	Napumsaka
vakra	Pum
vakra	Napumsaka
vakzas	Napumsaka
vaNkzaRa	Pum
vaNga	Napumsaka
vacana	Napumsaka
vacas	Napumsaka
vacA	Stri
vajra	Pum
vajra	Napumsaka
vajradru	Pum
vajranirGoza	Pum
vajrapuzpa	Napumsaka
vajrin	Pum
vaYcaka	Pum
vaYjula	Pum
vawa	Pum
vawI	Pum
vaqavA	Stri
vaqavAnala	Pum
vaRigBAva	Pum
vaRij	Pum
vaRijyA	Stri
vaRwaka	Pum
vatsa	Pum
vatsa	Napumsaka
vatsaka	Pum
vatsatara	Pum
vatsanABa	Pum
vatsara	Pum
vatsAdanI	Stri
vadana	Napumsaka
vaDa	Pum
vaDU	Stri
vana	Napumsaka
vanatiktakA	Stri
vanapA	Pum
vanapriya	Pum
vanamakzikA	Stri
vanamAlin	Pum
vanamudga	Pum
vanavAsin	Pum
vanaSfNgAwa	Pum
vanaspati	Pum
vanahutASana	Pum
vanAyuja	Pum
vanitA	Stri
vanOkas	Pum
vandA	Stri
vandAru	Pum
vandAru	Napumsaka
vandin	Pum
vandI	Stri
vanDyA	Stri
vanyA	Stri
vapA	Stri
vapuz	Napumsaka
vapra	Napumsaka
vapra	Pum
vamaTu	Pum
vami	Stri
vayas	Napumsaka
vayasTa	Pum
vayaHsTA	Stri
vayasya	Pum
vayasyA	Stri
vara	Napumsaka
vara	Pum
varawA	Stri
varaRa	Pum
varatrA	Stri
varavarRinI	Stri
varANga	Napumsaka
varANgaka	Napumsaka
varAwaka	Pum
varArohA	Stri
varASi	Pum
varAha	Pum
varivasyA	Stri
varizWa	Napumsaka
varI	Stri
varIyas	Pum
varuRa	Pum
varuRAtmajA	Stri
varUTa	Pum
varUTinI	Stri
varkara	Pum
varga	Pum
varca	Pum
varcas	Napumsaka
varcaska	Pum
varcaska	Napumsaka
varRa	Pum
varRa	Napumsaka
varRaka	Napumsaka
varRASrametara	Pum
varRin	Pum
vartaka	Pum
vartana	Napumsaka
vartanI	Stri
varti	Stri
vartika	Pum
vartizRu	Pum
vartizRu	Napumsaka
vartman	Napumsaka
varDaka	Pum
varDaki	Pum
varDana	Napumsaka
varDamAna	Pum
varDamAnaka	Pum
varDizRu	Pum
varDizRu	Napumsaka
varDrI	Stri
varman	Napumsaka
varyA	Stri
varvaRA	Stri
varza	Napumsaka
varza	Pum
varzavara	Pum
varzA	Stri
varzABU	Pum
varzABU	Stri
varzABvI	Stri
varzIyas	Pum
varzman	Napumsaka
valaja	Napumsaka
valajA	Stri
valaBI	Stri
valaya	Pum
valaya	Napumsaka
valina	Pum
valiBa	Pum
valira	Pum
valIka	Pum
valIka	Napumsaka
valImuKa	Pum
valka	Pum
valka	Napumsaka
valkala	Pum
valkala	Napumsaka
valgita	Napumsaka
valmIka	Pum
valmIka	Napumsaka
vallakI	Stri
vallari	Stri
vallava	Pum
vallI	Stri
vaSa	Pum
vaMSa	Pum
vaMSaka	Napumsaka
vaSakriyA	Stri
vaMSarocanA	Stri
vaSavartin	Pum
vaSA	Stri
vaSitva	Napumsaka
vaSin	Pum
vaSira	Napumsaka
vaSira	Pum
vasati	Stri
vasana	Napumsaka
vasanta	Pum
vasA	Stri
vasu	Napumsaka
vasu	Pum
vasu	Pum
vasuka	Napumsaka
vasuka	Pum
vasudeva	Pum
vasuDA	Stri
vasunDarA	Stri
vasumatI	Stri
vasta	Pum
vasti	Pum
vasti	Stri
vastu	Napumsaka
vastya	Napumsaka
vastra	Napumsaka
vastraveSman	Napumsaka
vasna	Pum
vasnasA	Stri
vaha	Pum
vahni	Pum
vahniSiKa	Napumsaka
vahnisaMjYaka	Pum
vAkpati	Napumsaka
vAkya	Napumsaka
vAgISa	Pum
vAgurA	Stri
vAgurika	Pum
vAggmin	Napumsaka
vAggmin	Pum
vANmuKa	Napumsaka
vAcaMyama	Pum
vAcaspati	Pum
vAcika	Napumsaka
vAcoyuktipawu	Pum
vAcoyuktipawu	Napumsaka
vAc	Stri
vAja	Pum
vAjidantaka	Pum
vAjin	Pum
vAjiSAlA	Stri
vAYCA	Stri
vAwyAlaka	Pum
vAqava	Napumsaka
vAqava	Pum
vAqavya	Napumsaka
vARi	Stri
vARija	Pum
vARijya	Napumsaka
vARinI	Stri
vARI	Stri
vAta	Pum
vAtaka	Pum
vAtakin	Pum
vAtakin	Napumsaka
vAtapoTa	Pum
vAtapramI	Pum
vAtapramI	Pum
vAtamfga	Pum
vAtarogin	Pum
vAtarogin	Napumsaka
vAtAyana	Napumsaka
vAtAyu	Pum
vAtUla	Pum
vAtsaka	Napumsaka
vAditra	Napumsaka
vAdya	Napumsaka
vAnaprasTa	Pum
vAnara	Pum
vAnaspatya	Pum
vAnIra	Pum
vAneya	Napumsaka
vApI	Stri
vApya	Napumsaka
vAmadeva	Pum
vAmana	Pum
vAmalUra	Pum
vAmalocanA	Stri
vAmA	Stri
vAmI	Stri
vAyadaRqa	Pum
vAyasa	Pum
vAyasArAti	Pum
vAyasI	Stri
vAyasolI	Stri
vAyu	Pum
vAyusaKa	Pum
vAra	Pum
vAraRa	Pum
vAraRabusA	Stri
vArabARa	Pum
vArabARa	Napumsaka
vAramuKyA	Stri
vArastrI	Stri
vArAhI	Stri
vAri	Napumsaka
vArida	Pum
vAriparRI	Stri
vAripravAha	Pum
vArimuc	Pum
vArivAha	Pum
vArI	Stri
vAruRI	Stri
vAr	Napumsaka
vArta	Napumsaka
vArtA	Stri
vArtAkI	Stri
vArtAvaha	Pum
vArDaka	Napumsaka
vArDuzi	Pum
vArDUzika	Pum
vArzika	Napumsaka
vAlaDi	Pum
vAlahasta	Pum
vAluka	Napumsaka
vAleya	Pum
vAlmIki	Pum
vASikA	Stri
vASita	Napumsaka
vAsa	Napumsaka
vAsa	Pum
vAsaka	Pum
vAsagfha	Napumsaka
vAsanA	Stri
vAsantI	Stri
vAsayoga	Pum
vAsara	Pum
vAsara	Napumsaka
vAsava	Pum
vAsas	Napumsaka
vAsitA	Stri
vAsizWa	Pum
vAsuki	Pum
vAsudeva	Pum
vAsU	Stri
vAstu	Pum
vAstu	Napumsaka
vAstuka	Napumsaka
vAstozpati	Pum
vAha	Pum
vAhadvizat	Pum
vAhana	Napumsaka
vAhasa	Pum
vAhitTa	Napumsaka
vAhinI	Stri
vAhinIpati	Pum
vi	Pum
vikaNkata	Pum
vikartana	Pum
vikalANga	Pum
vikasA	Stri
vikAra	Pum
vikAsin	Pum
vikAsin	Napumsaka
vikira	Pum
vikIraRa	Pum
vikfti	Stri
vikrama	Pum
vikraya	Pum
vikrayika	Pum
vikrAnta	Pum
vikriyA	Stri
vikretf	Pum
vikzAva	Pum
vigatArtavA	Stri
vigra	Pum
vigraha	Pum
viGasa	Pum
viGna	Pum
viGnarAja	Pum
vicakzaRa	Pum
vicayana	Napumsaka
vicarcikA	Stri
vicAraRA	Stri
vicikitsA	Stri
vicCandaka	Pum
vijaya	Pum
vijayaSrI	Stri
vijYAna	Napumsaka
viwaNka	Pum
viwaNka	Napumsaka
viwapa	Pum
viwapa	Napumsaka
viwapin	Pum
viwKadira	Pum
viwcara	Pum
viqaNga	Pum
viqaNga	Napumsaka
vitaTa	Napumsaka
vitaraRa	Napumsaka
vitardi	Stri
vitasti	Pum
vitasti	Stri
vitAna	Pum
vitAna	Napumsaka
vitunna	Napumsaka
vitunnaka	Napumsaka
vitunnaka	Pum
vitta	Napumsaka
vidara	Pum
vidAraka	Pum
vidAriganDA	Stri
vidArI	Stri
vidiS	Stri
vidu	Pum
vidula	Pum
vidDakarRI	Stri
vidyA	Stri
vidyADara	Pum
vidyAvat	Pum
vidyut	Stri
vidraDi	Stri
vidrava	Pum
vidruma	Pum
vidrumalatA	Stri
vidvas	Pum
vidvas	Napumsaka
vidveza	Pum
viDavA	Stri
viDA	Stri
viDAtf	Pum
viDi	Pum
viDu	Pum
viDuntuda	Pum
viDura	Napumsaka
viDuvana	Napumsaka
viDUnana	Napumsaka
vinayagrAhin	Pum
vinayagrAhin	Napumsaka
vinAyaka	Pum
vinASa	Pum
vinIta	Pum
vindu	Pum
vindu	Napumsaka
vinDya	Pum
vipakza	Pum
vipaYcI	Stri
vipaRa	Pum
vipaRi	Pum
vipaRi	Stri
vipatti	Stri
vipaTa	Pum
vipad	Stri
viparyaya	Pum
viparyAsa	Pum
vipaScit	Pum
vipAdikA	Stri
vipASA	Stri
vipAS	Stri
vipina	Napumsaka
vipulA	Stri
vipra	Pum
viprakAra	Pum
vipratIsAra	Pum
viprayoga	Pum
vipralamBa	Pum
vipralApa	Pum
vipraSnikA	Stri
vipruz	Stri
viplava	Pum
vibanDa	Pum
vibuDa	Pum
viBava	Pum
viBAkara	Pum
viBAta	Napumsaka
viBAvarI	Stri
viBAvasu	Pum
viBUti	Stri
viBUzaRa	Napumsaka
viBrama	Pum
viBrAj	Pum
viBrAj	Pum
vimanas	Pum
vimanas	Napumsaka
vimardana	Napumsaka
vimarSa	Pum
vimaladiv	Napumsaka
vimalA	Stri
vimAtfja	Pum
vimAna	Pum
vimAna	Napumsaka
viyat	Napumsaka
viyadgaNgA	Stri
viyama	Pum
viyAma	Pum
virajastamas	Pum
virati	Stri
virAj	Pum
virAva	Pum
viriYci	Pum
virUpAkza	Pum
virocana	Pum
viroDa	Pum
viroDana	Napumsaka
viroDokti	Stri
vilakzaRa	Napumsaka
vilamBa	Pum
vilApa	Pum
vilAsa	Pum
vilepana	Napumsaka
vilepI	Stri
vivakz	Pum
vivaDa	Pum
vivara	Napumsaka
vivarRa	Pum
vivasvat	Pum
vivAda	Pum
vivAha	Pum
vivikti	Stri
vivikti	Pum
vivikti	Napumsaka
vivikz	Pum
viveka	Pum
viMSati	Stri
viSatI	Stri
viSat	Pum
viSada	Pum
viSantI	Stri
viSara	Pum
viSalyA	Stri
viSasana	Napumsaka
viSAKa	Pum
viSAKA	Stri
viSAya	Pum
viSAraRa	Napumsaka
viSAlatA	Stri
viSAlatvac	Pum
viSAlA	Stri
viSiKa	Pum
viSiKA	Stri
viSezaka	Pum
viSezaka	Napumsaka
viS	Pum
viS	Stri
viSrARana	Napumsaka
viSrAva	Pum
viSva	Pum
viSva	Napumsaka
viSva	Napumsaka
viSvakadru	Pum
viSvakarman	Pum
viSvaketu	Pum
viSvapA	Pum
viSvapA	Napumsaka
viSvaBezaja	Napumsaka
viSvamBara	Pum
viSvamBarA	Stri
viSvarAj	Pum
viSvarUpa	Pum
viSvavAh	Pum
viSvasfj	Pum
viSvastA	Stri
viSvA	Stri
viSvA	Stri
viSvAmitra	Pum
viSvAsa	Pum
viza	Napumsaka
vizaDara	Pum
vizamacCada	Pum
vizaya	Pum
vizayin	Napumsaka
vizavEdya	Pum
vizA	Stri
vizARI	Stri
vizuva	Napumsaka
vizuvat	Napumsaka
vizkira	Pum
vizwapa	Napumsaka
vizwara	Pum
vizwaraSravas	Pum
vizwi	Stri
vizWA	Stri
vizRu	Pum
vizRukrAntA	Stri
vizRupada	Napumsaka
vizRupadI	Stri
vizRuraTa	Pum
vizvaksena	Pum
vizvaksenapriyA	Stri
vizvaksenA	Stri
vizvadryac	Pum
visara	Pum
visarjana	Napumsaka
visarpaRa	Napumsaka
visaMvAda	Pum
visAra	Pum
visArin	Pum
visArin	Napumsaka
vista	Pum
vista	Napumsaka
vistara	Pum
vistAra	Pum
visPAra	Pum
visPowa	Pum
vismaya	Pum
vismfti	Stri
visra	Napumsaka
visramBa	Pum
visrasA	Stri
vihaga	Pum
vihaNga	Pum
vihaNgama	Pum
vihaNgikA	Stri
vihasita	Napumsaka
vihApita	Napumsaka
vihAyas	Pum
vihAra	Pum
vIkASa	Pum
vIci	Pum
vIci	Stri
vIRA	Stri
vIRAdaRqa	Pum
vIRAvAda	Pum
vIta	Napumsaka
vItaMsa	Pum
vIti	Pum
vItihotra	Pum
vITi	Stri
vITI	Stri
vInAha	Pum
vIra	Pum
vIraRa	Napumsaka
vIratara	Napumsaka
vIrataru	Pum
vIrapatnI	Stri
vIrapARa	Napumsaka
vIraBAryA	Stri
vIramAtf	Stri
vIravfkza	Pum
vIrasU	Stri
vIrahan	Pum
vIrASaMsana	Napumsaka
vIruD	Stri
vIrya	Napumsaka
vIvaDa	Pum
vfka	Pum
vfkaDUpa	Pum
vfkza	Pum
vfkzaBedin	Pum
vfkzaruhA	Stri
vfkzavAwikA	Stri
vfkzAdanI	Stri
vfkzAmla	Napumsaka
vfjina	Napumsaka
vfjina	Pum
vftta	Napumsaka
vfttADyayanardDi	Stri
vfttAnta	Pum
vftti	Stri
vftra	Pum
vftrahan	Pum
vfdDa	Napumsaka
vfdDa	Pum
vfdDatva	Napumsaka
vfdDadAraka	Pum
vfdDanABi	Stri
vfdDanABi	Pum
vfdDanABi	Napumsaka
vfdDaSravas	Pum
vfdDasaNGa	Pum
vfdDA	Stri
vfdDi	Pum
vfdDi	Stri
vfdDijIvikA	Stri
vfdDokza	Pum
vfdDyAjIva	Pum
vfnta	Napumsaka
vfnda	Napumsaka
vfndAraka	Pum
vfScika	Pum
vfScikaBI	Pum
vfScikaBI	Pum
vfScikaBI	Pum
vfza	Pum
vfzaRa	Pum
vfzadaMSaka	Pum
vfzaDvaja	Pum
vfzan	Pum
vfzaBa	Pum
vfzala	Pum
vfzasyantI	Stri
vfzA	Stri
vfzAkapAyI	Stri
vfzAkapi	Pum
vfzI	Stri
vfzwi	Stri
vfzRi	Pum
vega	Pum
vegin	Pum
vegI	Pum
veRi	Stri
veRI	Stri
veRu	Pum
veRuka	Napumsaka
veRuDma	Pum
vetana	Napumsaka
vetasa	Pum
vetasvat	Pum
vetasvat	Napumsaka
vetravatI	Stri
veda	Pum
vedanA	Stri
vedAntin	Pum
vedi	Pum
vedikA	Stri
veDa	Pum
veDanikA	Stri
veDamuKyaka	Pum
veDas	Pum
vepaTu	Pum
veman	Napumsaka
veman	Pum
velA	Stri
vella	Pum
vella	Napumsaka
vellaja	Napumsaka
vevyat	Pum
veSa	Pum
veSanta	Pum
veSman	Napumsaka
veSmaBU	Stri
veSyA	Stri
veSyAjanasamASraya	Pum
veza	Pum
vezavAra	Pum
vehat	Stri
vEkakzika	Napumsaka
vEkuRWa	Pum
vEjanana	Pum
vEjayanta	Pum
vEjayantika	Pum
vEjayantikA	Stri
vEjayantI	Stri
vERava	Napumsaka
vERava	Pum
vERavika	Pum
vERika	Pum
vEtanika	Pum
vEtaraRI	Stri
vEtaMsika	Pum
vEtAlika	Pum
vEdehaka	Pum
vEdehI	Stri
vEdya	Pum
vEdyamAtf	Stri
vEDAtra	Pum
vEnateya	Pum
vEnItaka	Pum
vEnItaka	Napumsaka
vEmAtreya	Pum
vEra	Napumsaka
vEraniryAtana	Napumsaka
vEraSudDi	Stri
vErin	Pum
vEvaDika	Pum
vEvasvata	Pum
vESAKa	Pum
vESezika	Pum
vESya	Pum
vESravaRa	Pum
vESvAnara	Pum
vEzRavI	Stri
vEsAriRa	Pum
vyakti	Stri
vyajana	Napumsaka
vyaYjaka	Pum
vyaYjana	Napumsaka
vyaqambaka	Pum
vyatyaya	Pum
vyatyAsa	Pum
vyaTA	Stri
vyaDa	Pum
vyaDva	Pum
vyaya	Pum
vyalIka	Napumsaka
vyavaDA	Stri
vyavahAra	Pum
vyavAya	Pum
vyasana	Napumsaka
vyahna	Pum
vyAGra	Pum
vyAGranaKa	Napumsaka
vyAGrapAd	Pum
vyAGrapucCa	Pum
vyAGrAwa	Pum
vyAGrI	Stri
vyAja	Pum
vyAqa	Pum
vyAqAyuDa	Napumsaka
vyADa	Pum
vyADi	Pum
vyADiGAta	Pum
vyAna	Pum
vyApAda	Pum
vyApin	Pum
vyAma	Pum
vyAla	Pum
vyAlagrAhin	Pum
vyAsa	Pum
vyAhAra	Pum
vyutTAna	Napumsaka
vyuzwa	Napumsaka
vyuzwi	Stri
vyUti	Stri
vyUha	Pum
vyUhapArzRi	Pum
vyokAra	Pum
vyomakeSa	Pum
vyoman	Napumsaka
vyomayAna	Napumsaka
vyoza	Napumsaka
vraja	Pum
vrajyA	Stri
vraRa	Pum
vraRa	Napumsaka
vrata	Pum
vrata	Napumsaka
vratati	Stri
vratin	Pum
vraScana	Pum
vrAta	Pum
vrAtya	Pum
vrIqA	Stri
vrIhi	Pum
Sakawa	Pum
Sakawa	Napumsaka
Sakala	Pum
Sakala	Napumsaka
Sakuna	Pum
Sakuni	Pum
Sakunta	Pum
Sakunti	Pum
Sakula	Pum
SakulAkzaka	Pum
SakulAdanI	Stri
SakulArBaka	Pum
Sakulin	Pum
Sakft	Napumsaka
Sakftkari	Pum
Sakx	Pum
Sakti	Stri
SaktiDara	Pum
Saktimat	Pum
Saktihetika	Pum
Sakra	Pum
SakraDanuz	Napumsaka
SakrapAdapa	Pum
SakrapuzpikA	Stri
SaNkara	Pum
SaNku	Pum
SaNKa	Pum
SaNKa	Napumsaka
SaNKaDmA	Pum
SaNKanaKa	Pum
SaNKinI	Stri
SaNKin	Pum
SacI	Stri
SacIpati	Pum
SawI	Stri
SaRaparRI	Stri
SaRapuzpikA	Stri
SaRQa	Pum
Satakowi	Pum
Satadru	Stri
Satapatra	Napumsaka
Satapatraka	Pum
SatapadI	Stri
Sataparvan	Pum
SataparvikA	Stri
SatapuzpA	Stri
SataprAsa	Pum
Satamanyu	Pum
SatamUlI	Stri
SatavIryA	Stri
SataveDin	Pum
SatahradA	Stri
SatANga	Pum
SatAvarI	Stri
Satru	Pum
Sani	Pum
SanEScara	Pum
SapaTa	Pum
Sapana	Napumsaka
SaPa	Napumsaka
SaParI	Pum
SaParI	Stri
Sabara	Pum
SabarAlaya	Pum
Sabala	Pum
SabalI	Stri
Sabda	Pum
Sabdagraha	Pum
Sama	Pum
SamaTa	Pum
Samana	Pum
Samanasvasf	Stri
Samala	Napumsaka
SamI	Stri
SamIDAnya	Napumsaka
SamIra	Pum
SampA	Stri
Samba	Pum
Sambara	Napumsaka
Sambara	Pum
SambarAri	Pum
SambarI	Stri
SambUka	Pum
SamBalI	Stri
SamBu	Pum
SamyA	Stri
Saya	Pum
Sayana	Napumsaka
SayanIya	Napumsaka
SayAlu	Pum
SayAlu	Napumsaka
Sayu	Pum
SayyA	Stri
Sara	Pum
Sarajanman	Pum
SaraRa	Napumsaka
Sarad	Stri
SaraBa	Pum
Saravya	Napumsaka
SarAByAsa	Pum
SarAri	Stri
SarAru	Pum
SarAru	Napumsaka
SarAva	Pum
SarAva	Napumsaka
SarAvatI	Stri
SarAsana	Napumsaka
SarIra	Napumsaka
SarIrin	Pum
SarkarA	Stri
SarkarAvat	Pum
SarkarAvat	Napumsaka
Sarman	Pum
Sarman	Napumsaka
Sarva	Pum
SarvarI	Stri
SarvARI	Stri
Sala	Napumsaka
SalaBa	Pum
Salala	Napumsaka
SalalI	Stri
SalAwu	Pum
SalAwu	Napumsaka
Salka	Napumsaka
Salya	Pum
Salya	Napumsaka
Sava	Pum
Sava	Napumsaka
SaSa	Pum
SaSaDara	Pum
SaSaloman	Napumsaka
SaSAdana	Pum
SaSin	Pum
SaSorRa	Napumsaka
SazkulI	Stri
Sazpa	Napumsaka
Sasta	Napumsaka
SaMstf	Pum
Sastra	Napumsaka
Sastra	Pum
Sastraka	Napumsaka
SastramArja	Pum
SastrAjIva	Pum
SastrI	Stri
SAka	Pum
SAka	Napumsaka
SAkawa	Pum
SAkunika	Pum
SAktIka	Pum
SAkyamuni	Pum
SAkyasiMha	Pum
SAKA	Stri
SAKAnagara	Napumsaka
SAKAmfga	Pum
SAKin	Pum
SANKika	Pum
SAWya	Napumsaka
SARa	Pum
SARqilya	Pum
SAta	Napumsaka
SAtakumBa	Napumsaka
SAtrava	Pum
SAda	Pum
SAnti	Stri
SApa	Pum
SAbara	Pum
SAmbarI	Stri
SAra	Pum
SAraNga	Pum
SArada	Pum
SAradI	Stri
SAralomi	Pum
SAriPala	Pum
SAriPala	Napumsaka
SArivA	Stri
SArNga	Pum
SArNgaDanvan	Pum
SArNgin	Pum
SArdUla	Pum
SAla	Pum
SAlA	Stri
SAlAvfka	Pum
SAli	Pum
SAlUka	Napumsaka
SAlUra	Pum
SAleya	Pum
SAlmali	Pum
SAlmalIvezwa	Pum
SAvaka	Pum
SAzkulika	Napumsaka
SAsat	Pum
SAsana	Napumsaka
SAstf	Pum
SAstra	Napumsaka
SAstravid	Pum
SAstravid	Napumsaka
SAstrin	Pum
Sikya	Napumsaka
SikzA	Stri
SiKaRqa	Pum
SiKaRqaka	Pum
SiKara	Napumsaka
SiKara	Pum
SiKarin	Pum
SiKA	Stri
SiKAvat	Pum
SiKAvala	Pum
SiKigrIva	Napumsaka
SiKin	Pum
SiKivAhana	Pum
Sigru	Pum
Sigruja	Napumsaka
SiYjita	Napumsaka
SiYjinI	Stri
SitaSUka	Pum
Siti	Stri
Siti	Pum
Siti	Napumsaka
SitikaRWa	Pum
SitisAraka	Pum
Sipivizwa	Pum
SiPA	Stri
SiPAkanda	Pum
SiPAkanda	Napumsaka
SibikA	Stri
Sibira	Napumsaka
SimbA	Stri
Siras	Napumsaka
Sirastra	Napumsaka
Sirasya	Pum
SirIza	Pum
Sirogfha	Napumsaka
SiroDi	Stri
Siroratna	Napumsaka
Siroruha	Pum
SirosTi	Napumsaka
SilA	Stri
SilAjatu	Napumsaka
SilI	Stri
SilImuKa	Pum
Siloccaya	Pum
Silpa	Napumsaka
Silpin	Pum
SilpiSAlA	Stri
Siva	Pum
Siva	Napumsaka
Sivaka	Pum
SivamallI	Stri
SivA	Stri
SiMSapA	Stri
SiSira	Pum
SiSira	Napumsaka
SiSu	Pum
SiSuka	Pum
SiSutva	Napumsaka
SiSumAra	Pum
SiSna	Pum
Sizwi	Stri
Sizya	Pum
SIkara	Pum
SIGra	Napumsaka
SIta	Napumsaka
SIta	Pum
SItaka	Pum
SItaBIru	Pum
SItala	Pum
SItaSiva	Napumsaka
SItaSiva	Pum
SIrza	Napumsaka
SIrzaka	Napumsaka
SIrzaRya	Napumsaka
SIrzaRya	Pum
SIla	Napumsaka
Suka	Napumsaka
Suka	Pum
SukanAsa	Pum
Sukti	Stri
Sukra	Napumsaka
Sukra	Pum
SukraSizya	Pum
Sukla	Pum
Sukliman	Pum
Suci	Napumsaka
Suci	Pum
Suci	Stri
Suc	Stri
SuRWI	Stri
SuRqA	Stri
Sutudri	Stri
SudDaDI	Pum
SudDaDI	Pum
SudDAnta	Pum
SudDi	Stri
Sunaka	Pum
SunI	Stri
SuBa	Napumsaka
SuBaMyu	Pum
SuBaMyu	Napumsaka
SuBra	Pum
SuBradantI	Stri
SuBrAMSu	Pum
Sulka	Pum
Sulka	Napumsaka
Sulba	Napumsaka
SuSrUzA	Stri
Suzi	Stri
SuzirA	Stri
SuzkamAMsa	Napumsaka
SuzkI	Pum
Suzma	Napumsaka
Suzman	Pum
SUka	Pum
SUka	Napumsaka
SUkakIwa	Pum
SUkaDAnya	Napumsaka
SUkaSimbi	Stri
SUdra	Pum
SUdrA	Stri
SUdrI	Stri
SUnyavAdin	Pum
SUra	Pum
SUrpa	Pum
SUrpa	Napumsaka
SUla	Pum
SUla	Napumsaka
SUlin	Pum
SfgAla	Pum
SfNKalaka	Pum
SfNga	Napumsaka
SfNga	Pum
SfNgabera	Napumsaka
SfNgAwaka	Napumsaka
SfNgAra	Pum
SfNgiRI	Stri
SfNgin	Pum
SfNgI	Stri
SfRvat	Pum
SeKara	Pum
SePas	Napumsaka
SePAlikA	Stri
SemuzI	Stri
Selu	Pum
SevaDi	Pum
Seza	Pum
SezaSAyin	Pum
SEkza	Pum
SEKarika	Pum
SEla	Pum
SElAlin	Pum
SElUza	Pum
SEleya	Napumsaka
SEvala	Pum
SEvalinI	Stri
SEvAla	Napumsaka
SEvya	Pum
SESava	Napumsaka
Soka	Pum
Sociz	Napumsaka
SocizkeSa	Pum
SoRa	Pum
SoRaka	Pum
SoRaratna	Napumsaka
SoRita	Napumsaka
SoTa	Pum
SoTaGnI	Stri
SoDanI	Stri
SoPa	Pum
SoBA	Stri
SoBAYjana	Pum
Soza	Pum
SozaRa	Napumsaka
SOka	Napumsaka
SOklikeya	Pum
SORqika	Pum
SORqI	Stri
SOdDodani	Pum
SOri	Pum
SOrya	Napumsaka
SOlbika	Pum
Scyota	Pum
SmaSAna	Napumsaka
SmaSru	Napumsaka
SyAma	Pum
SyAmala	Pum
SyAmA	Stri
SyAla	Pum
SyAva	Pum
Syeta	Pum
Syena	Pum
SradDA	Stri
SradDAlu	Stri
SradDAlu	Pum
SradDAlu	Napumsaka
Sramin	Pum
SrayaRa	Napumsaka
SravaRa	Pum
Sravas	Napumsaka
SravizWA	Stri
SrARA	Stri
SrAdDa	Napumsaka
SrAdDadeva	Pum
SrAya	Pum
SrAvaRa	Pum
SrAvaRika	Pum
SrAvya	Napumsaka
SrI	Stri
SrIkaRWa	Pum
SrIGana	Pum
SrIda	Pum
SrIpati	Pum
SrIparRa	Napumsaka
SrIparRikA	Stri
SrIparRI	Stri
SrIpA	Napumsaka
SrIPala	Pum
SrIPalI	Stri
SrImat	Pum
SrImat	Napumsaka
SrIvatsa	Pum
SrIvatsalAYCana	Pum
SrIvAsa	Pum
SrIvezwa	Pum
SrIsaMjYa	Napumsaka
SrIhastinI	Stri
Sruta	Napumsaka
Srutavat	Pum
Sruti	Stri
SruvAvfkza	Pum
SrfNgIkanaka	Napumsaka
SreRi	Pum
SreRi	Stri
SreRI	Stri
SreyasI	Stri
Sreyas	Pum
Sreyas	Napumsaka
SrezWin	Pum
SroRa	Pum
SroRi	Stri
SroRiPalaka	Napumsaka
Srotf	Pum
Srotra	Napumsaka
Srotriya	Pum
SlAGA	Stri
SlIpada	Napumsaka
Sleza	Pum
Slezman	Pum
SlezmAtaka	Pum
Sloka	Pum
SvadaMzwrA	Stri
Svan	Pum
Svapaca	Pum
SvaBra	Napumsaka
SvayaTu	Pum
Svavftti	Stri
SvaSura	Pum
SvaSurya	Pum
SvaSrU	Stri
SvaHSreyasa	Napumsaka
Svasana	Pum
SvAna	Pum
SvAviD	Pum
Svitra	Napumsaka
Sveta	Napumsaka
Sveta	Pum
Svetagarut	Pum
Svetamarica	Napumsaka
Svetarakta	Pum
SvetasurasA	Stri
zawkarman	Pum
zawpada	Pum
zaqaBijYa	Pum
zaqahna	Pum
zaqAnana	Pum
zaqgranTA	Stri
zaqgranTikA	Stri
zaqja	Pum
zaRqa	Pum
zaRqa	Napumsaka
zaRqatAyogya	Pum
zaz	Pum
zazwi	Stri
zARmAtura	Pum
sakftpraja	Pum
saktuPalA	Stri
sakTi	Napumsaka
saKi	Pum
saKI	Pum
saKI	Pum
saKI	Pum
saKI	Stri
saKya	Napumsaka
sagarBya	Pum
sagotra	Pum
sagDi	Stri
saNkawa	Pum
saNkara	Pum
saNkarzaRa	Pum
saNkalpa	Pum
saNkula	Napumsaka
saNkoca	Napumsaka
saNkrandana	Pum
saNkrama	Pum
saNkrama	Napumsaka
saNkzepaRa	Napumsaka
saNKya	Napumsaka
saNKyA	Stri
saNKyAna	Napumsaka
saNKyAvat	Pum
saNga	Pum
saNgata	Napumsaka
saNgama	Pum
saNgara	Pum
saNgin	Pum
saNgraha	Pum
saNgrAma	Pum
saNgrAha	Pum
saNGa	Pum
saNGAta	Pum
saciva	Pum
sajuz	Stri
sajjana	Napumsaka
sajjana	Pum
sajjanA	Stri
saMjYapana	Napumsaka
saMjYA	Stri
saMjYu	Pum
saYcaya	Pum
saYcArikA	Stri
saYjavana	Napumsaka
saYjvara	Pum
sawA	Stri
saRqIna	Napumsaka
satata	Napumsaka
satI	Stri
satInaka	Pum
satIrTya	Pum
sat	Pum
sattva	Napumsaka
sattva	Pum
satpaTa	Pum
satya	Napumsaka
satyaka	Pum
satyaNkAra	Pum
satyavatIsuta	Pum
satyavAc	Pum
satyavAdin	Pum
satyAkfti	Stri
satyAnfta	Napumsaka
satyApana	Napumsaka
satra	Napumsaka
satrin	Pum
satvara	Napumsaka
sadana	Napumsaka
sadas	Napumsaka
sadas	Stri
sadasya	Pum
sadAgati	Pum
sadAnanda	Pum
sadAnIrA	Stri
sadfS	Pum
sadman	Napumsaka
saDarmiRI	Stri
saDuranDara	Pum
saDryac	Pum
sanatkumAra	Pum
sanABi	Pum
sani	Stri
saMniveSa	Pum
sanizWIva	Napumsaka
santata	Napumsaka
santati	Stri
santamasa	Napumsaka
santAna	Pum
santApa	Pum
sandAna	Napumsaka
sandAva	Pum
sandeSavAc	Stri
sandeSahara	Pum
sandeha	Pum
sandoha	Pum
sandrAva	Pum
sanDA	Stri
sanDAna	Napumsaka
sanDi	Pum
sanDinI	Stri
sanDyA	Stri
sannakadru	Pum
sannati	Stri
sannaya	Pum
sannikarzaRa	Napumsaka
sanniDi	Pum
sapatna	Pum
saparyA	Stri
sapiRqa	Pum
sapIti	Stri
saptakI	Stri
saptatantu	Pum
saptati	Stri
saptan	Pum
saptaparRa	Pum
saptalA	Stri
saptArciz	Pum
saptASva	Pum
saptAhna	Pum
sapti	Pum
sabrahmacArin	Pum
saBartfkA	Stri
saBA	Stri
saBAjana	Napumsaka
saBAsad	Pum
saBAstAra	Pum
saBika	Pum
saBya	Pum
sama	Pum
sama	Pum
sama	Napumsaka
samaNgA	Stri
samaja	Pum
samajYA	Stri
samajyA	Stri
samaYjasa	Napumsaka
samantadugDA	Stri
samantaBadra	Pum
samanvitalaya	Pum
samaya	Pum
samara	Pum
samarTana	Napumsaka
samavartin	Pum
samavAya	Pum
samazWilA	Stri
samasana	Napumsaka
samasyA	Stri
samA	Stri
samAkarzin	Pum
samAGAta	Pum
samAja	Pum
samADAna	Napumsaka
samADi	Pum
samAna	Pum
samAnodarya	Pum
samAlamBa	Pum
samAvftta	Pum
samAMsamInA	Stri
samAsArTA	Stri
samAhAra	Pum
samAhfti	Stri
samAhvaya	Pum
samiti	Stri
samit	Stri
samiD	Stri
samIka	Napumsaka
samIra	Pum
samIraRa	Pum
samuccaya	Pum
samucCraya	Pum
samutpiYja	Pum
samudaya	Pum
samudAya	Pum
samudgaka	Pum
samudgiraRa	Napumsaka
samudra	Pum
samudrAntA	Stri
samundana	Napumsaka
samUru	Pum
samUha	Pum
samUhya	Pum
samfdDi	Stri
sampatti	Stri
sampad	Stri
samparAya	Pum
sampAka	Pum
sampuwaka	Pum
sampradAya	Pum
sampraDAraRA	Stri
samprahAra	Pum
sambADa	Pum
samBeda	Pum
samBrama	Pum
sammada	Pum
sammArjanI	Stri
sammUrcCana	Napumsaka
sammohana	Napumsaka
samyac	Pum
samyac	Napumsaka
samrAj	Pum
saMyat	Stri
saMyama	Pum
saMyamin	Pum
saMyAma	Pum
saMyuga	Pum
sara	Pum
saraka	Pum
saraGA	Stri
saraRA	Stri
saraRi	Stri
saramA	Stri
sarala	Pum
saraladrava	Pum
saralA	Stri
sarasI	Stri
sarasIruha	Napumsaka
saras	Napumsaka
sarasvatI	Stri
sarasvat	Pum
saMrAva	Pum
sarit	Stri
saritpati	Pum
sarIsfpa	Pum
sarga	Pum
sarja	Pum
sarjaka	Pum
sarjarasa	Pum
sarpa	Pum
sarparAja	Pum
sarpiz	Napumsaka
sarva	Pum
sarva	Napumsaka
sarvajYa	Pum
sarvatoBadra	Pum
sarvatoBadrA	Stri
sarvatomuKa	Napumsaka
sarvaDurAvaha	Pum
sarvaDurIRa	Pum
sarvamaNgalA	Stri
sarvarasa	Pum
sarvalA	Stri
sarvaliNgin	Pum
sarvavedas	Pum
sarvasannahana	Napumsaka
sarvaMsahA	Stri
sarvA	Stri
sarvAnuBUti	Stri
sarvAnnaBojin	Pum
sarvAnnaBojin	Napumsaka
sarvABisAra	Pum
sarvArTasidDa	Pum
sarvOGa	Pum
sarzapa	Pum
saMlApa	Pum
salila	Napumsaka
sallakI	Stri
sava	Pum
saMvatsara	Pum
savana	Napumsaka
saMvanana	Napumsaka
savayas	Pum
saMvarta	Pum
saMvartikA	Stri
saMvasaTa	Pum
saMvAhana	Napumsaka
savitf	Pum
saMvid	Stri
saMvIkzaRa	Napumsaka
saMvega	Pum
saMveda	Pum
saMveSa	Pum
savyezwf	Pum
savyezWa	Pum
saMSaptaka	Pum
saMSaya	Pum
saMSrava	Pum
saMSleza	Pum
saMsad	Stri
saMsaraRa	Napumsaka
saMsidDi	Stri
saMskArahIna	Pum
saMstara	Pum
saMstava	Pum
saMstAva	Pum
saMstyAya	Pum
saMsTA	Stri
saMsTAna	Napumsaka
saMsparSA	Stri
saMsPowa	Pum
sasya	Napumsaka
sasyamaYjarI	Stri
sasyaSUka	Napumsaka
sasyasaMvara	Pum
sahakAra	Pum
sahakArin	Pum
sahacarI	Pum
sahacarI	Stri
sahaja	Pum
saMhatajAnuka	Pum
saMhatala	Pum
saMhati	Stri
sahaDarmiRI	Stri
saMhanana	Napumsaka
sahaBojana	Napumsaka
sahas	Napumsaka
sahas	Pum
sahasya	Pum
sahasradaMzwra	Pum
sahasrapatra	Napumsaka
sahasravIryA	Stri
sahasraveDi	Napumsaka
sahasraveDin	Pum
sahasrAkza	Pum
sahasrAMSu	Pum
sahasrin	Pum
sahA	Stri
sahAya	Pum
sahAyatA	Stri
sahizRu	Pum
sahizRu	Napumsaka
saMhUti	Stri
sAgara	Pum
sAgarAmbarA	Stri
sANKya	Pum
sAtalA	Stri
sAti	Stri
sAdAmatti	Pum
sAdin	Pum
sADana	Napumsaka
sADIyas	Pum
sADu	Pum
sADuvAhin	Pum
sADya	Pum
sADvasa	Napumsaka
sADvI	Stri
sAMnAyya	Napumsaka
sAnu	Napumsaka
sAntva	Napumsaka
sAndfzwika	Napumsaka
sAptapadIna	Napumsaka
sAman	Napumsaka
sAmAjika	Pum
sAmAnya	Napumsaka
sAmiDenI	Stri
sAmudra	Napumsaka
sAmparAyika	Napumsaka
sAyaka	Pum
sAMyAtrika	Pum
sAyAhna	Pum
sAMyugIna	Pum
sAra	Napumsaka
sAra	Pum
sAraNga	Pum
sAraTi	Pum
sArameya	Pum
sArasa	Napumsaka
sArasa	Pum
sArasana	Napumsaka
sArTa	Pum
sArTavAha	Pum
sArvaBOma	Pum
sAla	Pum
sAlaparRI	Stri
sAMvatsara	Pum
sAsnA	Stri
sAhasa	Napumsaka
sAhasra	Napumsaka
sAhasra	Pum
sikatA	Stri
sikatA	Stri
sikatAmaya	Napumsaka
sikatAvat	Pum
sikatAvat	Napumsaka
sikTaka	Napumsaka
siNGARa	Pum
sita	Pum
sitacCatrA	Stri
sitA	Stri
sitABra	Pum
sitAmBoja	Napumsaka
sidDa	Pum
sidDAnta	Pum
sidDArTa	Pum
sidDi	Stri
siDma	Napumsaka
siDya	Pum
sinIvAlI	Stri
sinduka	Pum
sinduvAra	Pum
sindUra	Napumsaka
sinDu	Pum
sinDu	Stri
sinDuja	Napumsaka
sinDusaNgama	Pum
sima	Pum
sima	Napumsaka
simA	Stri
sirA	Stri
silha	Pum
siMha	Pum
siMhanAda	Pum
siMhapucCI	Stri
siMhasaMhanana	Pum
siMhARa	Napumsaka
siMhAsana	Napumsaka
siMhAsya	Pum
siMhI	Stri
sItA	Stri
sIDu	Pum
sIman	Stri
sImantinI	Stri
sImA	Stri
sIra	Pum
sIrapARi	Pum
sIvana	Napumsaka
sIsaka	Napumsaka
sIhuRqa	Pum
sukandaka	Pum
sukarA	Stri
sukfta	Napumsaka
sukftin	Pum
sukftin	Napumsaka
sukeSI	Stri
suKa	Napumsaka
suKaBAj	Pum
suKavarcaka	Pum
suKasandohyA	Stri
suKI	Pum
sugaR	Pum
sugata	Pum
suganDA	Stri
suganDi	Pum
sugAR	Pum
sugrIva	Pum
sucaritrA	Stri
sucelaka	Pum
suta	Pum
sutaSreRI	Stri
sutA	Stri
sutAtmajA	Stri
sutI	Pum
sutus	Pum
sutyA	Stri
sutrAman	Pum
sutvan	Pum
sudarSana	Pum
sudarSana	Napumsaka
sudAya	Pum
sudiv	Pum
sudyo	Pum
suDarman	Pum
suDarmA	Stri
suDA	Stri
suDAMSu	Pum
suDI	Pum
suDI	Stri
suDI	Stri
suDI	Napumsaka
sunAman	Pum
sunAsIra	Pum
sunizaRRaka	Napumsaka
sunO	Napumsaka
sundarI	Stri
supaTin	Napumsaka
supaTin	Pum
suparRa	Pum
suparvan	Pum
supAd	Pum
supArSvaka	Pum
supis	Pum
supums	Napumsaka
supratIka	Pum
suprayogaviSiKa	Pum
supralApa	Pum
suBagAsuta	Pum
suBikzA	Stri
suBrU	Stri
suma	Napumsaka
sumati	Pum
sumana	Pum
sumanas	Pum
sumanas	Stri
sumanoraja	Napumsaka
sumeDas	Pum
sumeru	Pum
suyuj	Pum
sura	Pum
surajyezWa	Pum
suradIrGikA	Stri
suradviz	Pum
suranimnagA	Stri
surapati	Pum
suraBi	Napumsaka
suraBi	Pum
suraBi	Stri
suraBI	Stri
suraloka	Pum
suravartman	Napumsaka
surasA	Stri
surA	Stri
surAcArya	Pum
surAmaRqa	Pum
surAlaya	Pum
surAzwraja	Napumsaka
sulU	Pum
sulU	Napumsaka
suvacana	Napumsaka
suvarRa	Napumsaka
suvarRa	Pum
suvarRaka	Pum
suvallI	Stri
suvas	Pum
suvahA	Stri
suvAsinI	Stri
suvfSc	Pum
suvratA	Stri
suSrI	Pum
suSrI	Stri
suzamA	Stri
suzavI	Stri
suzira	Napumsaka
suzeRa	Pum
suzeRikA	Stri
susaKi	Pum
susaKi	Pum
susmfte	Napumsaka
suhins	Pum
suhfd	Pum
sUkara	Pum
sUkzma	Napumsaka
sUkzmaDI	Pum
sUta	Pum
sUtikAgfha	Napumsaka
sUtimAsa	Pum
sUtTAna	Pum
sUtra	Napumsaka
sUtravezwana	Napumsaka
sUnA	Stri
sUnu	Pum
sUnU	Stri
sUnfta	Napumsaka
sUpakAra	Pum
sUra	Pum
sUraRa	Pum
sUrasUta	Pum
sUrin	Pum
sUrmI	Stri
sUrya	Pum
sUryatanayA	Stri
sUryendusaNgama	Pum
sfkkaRI	Stri
sfga	Pum
sfRi	Stri
sfRikA	Stri
sfti	Stri
sfmara	Pum
sfzwi	Stri
sfzwi	Pum
sfzwi	Napumsaka
se	Pum
sekapAtra	Napumsaka
secana	Napumsaka
setu	Pum
sedivas	Pum
senA	Stri
senANga	Napumsaka
senAnI	Pum
senAmuKa	Napumsaka
senArakza	Pum
sevaka	Pum
sevana	Napumsaka
sevA	Stri
sevya	Napumsaka
sEkata	Napumsaka
sEtavAhinI	Stri
sEnika	Pum
sEnDava	Pum
sEnDava	Napumsaka
sEnya	Pum
sEranDrI	Stri
sErika	Pum
sEriBa	Pum
sEreyaka	Pum
sEMhikeya	Pum
sotprAsa	Pum
sodarya	Pum
sopAna	Napumsaka
soma	Pum
somapa	Pum
somapA	Pum
somapITin	Pum
somarAjI	Stri
somavalka	Pum
somavallarI	Stri
somavallikA	Stri
somavallI	Stri
somodBavA	Stri
solluRWana	Napumsaka
sOgata	Pum
sOganDika	Napumsaka
sOganDika	Pum
sOcika	Pum
sOdAminI	Stri
sODa	Pum
sODa	Napumsaka
sOBAgineya	Pum
sOmya	Pum
sOraBeya	Pum
sOraBeyI	Stri
sOrAzwrika	Pum
sOri	Pum
sOvarcala	Napumsaka
sOvida	Pum
sOvidalla	Pum
sOvIra	Napumsaka
sOhitya	Napumsaka
skanda	Pum
skanDa	Pum
skanDadeSa	Pum
skanDaSAKA	Stri
sKalana	Napumsaka
sKalita	Napumsaka
stana	Pum
stananDayI	Stri
stanapA	Stri
stanayitnu	Pum
stanita	Napumsaka
stabaka	Pum
stabDaroman	Pum
staBa	Pum
stamba	Pum
stambakari	Pum
stambaGana	Pum
stambaGna	Pum
stamberama	Pum
stamBa	Pum
stamBana	Napumsaka
starI	Stri
stava	Pum
stuti	Stri
stutipAWaka	Pum
stena	Pum
stema	Pum
steya	Napumsaka
stEnya	Napumsaka
stokaka	Pum
stotra	Napumsaka
stoma	Pum
strI	Stri
strIDarmiRI	Stri
strIpuMsa	Pum
stryagAra	Napumsaka
sTaRqila	Napumsaka
sTaRqilaSAyin	Pum
sTapati	Pum
sTala	Napumsaka
sTalI	Stri
sTavira	Pum
sTARu	Pum
sTARu	Napumsaka
sTARqila	Pum
sTAna	Napumsaka
sTAnIya	Napumsaka
sTApatya	Pum
sTApanI	Stri
sTAman	Napumsaka
sTAyuka	Pum
sTAlI	Stri
sTAvira	Napumsaka
sTAsaka	Pum
sTAsnu	Pum
sTAsnu	Napumsaka
sTiti	Stri
sTirA	Stri
sTirAyuz	Pum
sTURA	Stri
sTUlaSAwaka	Pum
sTUloccaya	Pum
sTeyas	Pum
sTeyas	Napumsaka
sTOReya	Napumsaka
sTOrin	Pum
snava	Pum
snAtaka	Pum
snAna	Napumsaka
snAyu	Stri
snigDa	Pum
snih	Pum
snu	Pum
snuzA	Stri
snuhI	Stri
snuh	Pum
snuh	Stri
sneha	Pum
sparSa	Pum
sparSana	Napumsaka
sparSana	Pum
spaSa	Pum
spfkkA	Stri
spfS	Pum
spfSI	Stri
spfzwi	Stri
spfhA	Stri
sprazwf	Pum
sPawA	Stri
sPAti	Stri
sPic	Stri
sPuwana	Napumsaka
sPuraRa	Napumsaka
sPuraRA	Stri
sPUrjaka	Pum
sPUrjaTu	Pum
smaya	Pum
smara	Pum
smarahara	Pum
smartf	Pum
smita	Napumsaka
smfti	Stri
smfte	Pum
smfto	Pum
syada	Pum
syandana	Pum
syandanAroha	Pum
syandinI	Stri
syAdvAdin	Pum
syUta	Pum
syUti	Stri
syonAka	Pum
sragvin	Napumsaka
sraj	Stri
srava	Pum
sravadgarBA	Stri
sravantI	Stri
sravA	Stri
srazwf	Pum
sraMsin	Pum
sras	Pum
sruc	Stri
sruva	Pum
srotas	Napumsaka
srotasvinI	Stri
srotoYjana	Napumsaka
sva	Pum
sva	Pum
sva	Napumsaka
sva	Napumsaka
svajana	Pum
svatas	Pum
svaDiti	Pum
svaDiti	Stri
svana	Pum
svanaquh	Napumsaka
svap	Napumsaka
svapna	Pum
svapnaj	Pum
svapnaj	Napumsaka
svaBAva	Pum
svaBU	Pum
svayamBU	Pum
svayamBU	Stri
svayaMvarA	Stri
svaru	Pum
svarUpa	Napumsaka
svarga	Pum
svarjikAkzAra	Pum
svarRa	Napumsaka
svarRakAra	Pum
svarRakzIrI	Stri
svarRadI	Stri
svarBAnu	Pum
svarveSyA	Stri
svarvEdya	Pum
svasf	Stri
svastika	Pum
svasrIya	Pum
svA	Stri
svAdu	Pum
svAdu	Napumsaka
svAdukaRwaka	Pum
svAdurasA	Stri
svAdvI	Stri
svADyAya	Pum
svAna	Pum
svAnta	Napumsaka
svApa	Pum
svApateya	Napumsaka
svAminI	Stri
svAmin	Pum
svArAj	Pum
svAhA	Stri
sveda	Pum
svedanI	Stri
svEriRI	Stri
svEritA	Stri
svErin	Pum
svErin	Napumsaka
haYjikA	Stri
hawwavilAsinI	Stri
haWa	Pum
hanu	Stri
hanu	Pum
hantf	Pum
hantrI	Stri
haya	Pum
hayapucCI	Stri
hayamAraka	Pum
hara	Pum
haraRa	Napumsaka
hari	Pum
hari	Stri
haricandana	Pum
haricandana	Napumsaka
hariRa	Pum
hariRI	Stri
harita	Pum
haritaka	Napumsaka
haritAlaka	Napumsaka
harit	Pum
harit	Napumsaka
harit	Stri
haridaSva	Pum
haridrava	Pum
haridrA	Stri
haridrABa	Pum
harinmaRi	Pum
haripriyA	Stri
harimanTaka	Pum
harivAluka	Napumsaka
harihaya	Pum
harItakI	Stri
hareRu	Pum
hareRU	Stri
hartf	Pum
haryakza	Pum
harza	Pum
hala	Napumsaka
halAyuDa	Pum
halAhala	Pum
halAhala	Napumsaka
halin	Pum
halipriya	Pum
halipriyA	Stri
halyavat	Napumsaka
halyA	Stri
hallaka	Napumsaka
hava	Pum
haviz	Napumsaka
havya	Napumsaka
havyavAhana	Pum
hasa	Pum
haMsa	Pum
haMsaka	Pum
hasanI	Stri
hasantI	Stri
haMsavAhana	Pum
hasta	Pum
hastaDAraRa	Napumsaka
hastinaKa	Pum
hastin	Pum
hastipaka	Pum
hastyAroha	Pum
hAwaka	Napumsaka
hAni	Stri
hAyana	Pum
hAyana	Napumsaka
hAra	Pum
hArIta	Pum
hArda	Napumsaka
hAla	Pum
hAlA	Stri
hAlika	Pum
hAva	Pum
hAsa	Pum
hAstika	Napumsaka
hAsya	Napumsaka
hAsya	Pum
hAhA	Pum
hiNgu	Napumsaka
hiNguniryAsa	Pum
hiNgulI	Stri
hijjala	Pum
hiRqIra	Pum
hitEzin	Pum
hintAla	Pum
hima	Napumsaka
himavat	Pum
himavAlukA	Stri
himasaMhati	Stri
himAnI	Stri
himAvatI	Stri
himAMSu	Pum
hiraRya	Napumsaka
hiraRyagarBa	Pum
hiraRyaretas	Pum
hiraRyavAha	Pum
hilamocikA	Stri
hili	Pum
hiMsA	Stri
hiMsAkarman	Napumsaka
hutaBukpriyA	Stri
hutaBuj	Pum
hUti	Stri
hUhU	Pum
hfRIyA	Stri
hfdaya	Napumsaka
hfdayaNgama	Napumsaka
hfdayAlu	Pum
hfdayAlu	Napumsaka
hfd	Napumsaka
hfzIka	Napumsaka
hfzIkeSa	Pum
heti	Stri
hetu	Pum
hemakUwa	Pum
hemadugDaka	Pum
heman	Napumsaka
hemanta	Pum
hemapuzpaka	Pum
hemapuzpikA	Stri
hemAdri	Pum
heramba	Pum
helA	Stri
heli	Pum
hezA	Stri
hEmavatI	Stri
hEyaNgavIna	Napumsaka
hotf	Pum
homa	Pum
hrada	Pum
hrasva	Pum
hrasvagaveDukA	Stri
hrasvANga	Pum
hrAdinI	Stri
hrI	Stri
hrIbera	Napumsaka
hrezA	Stri
hlAdinI	Stri
